OBJECTID;LAU_1;SAV_KODAS;SAV_PAV;SEN_PAV_TR;SEN_UID;SEN_PAV;SEN_KODAS;OSP_ID;OSP_TIPAS;SEN_GYV;SEN_GYV_V;SEN_GYV_M;SEN_PLOTAS;SEN_PLATUM;SEN_ILGUMA;TAIP_NE
1;84;84;Šakių r. sav.;Kriūkų sen.;84 | Kriūkų sen.;Šakių r. sav. | Kriūkų sen.;8435;193;SEN;1454;708;746;100160606;55,01188833;23,34613663;1
2;47;47;Joniškio r. sav.;Skaistgirio sen.;47 | Skaistgirio sen.;Joniškio r. sav. | Skaistgirio sen.;4756;275;SEN;1901;928;973;136148525;56,25625500;23,40241936;0
3;54;54;Kelmės r. sav.;Kelmės sen.;54 | Kelmės sen.;Kelmės r. sav. | Kelmės sen.;5401;288;SEN;7688;3439;4249;8756791;55,63353824;22,94258286;1
4;89;89;Širvintų r. sav.;Musninkų sen.;89 | Musninkų sen.;Širvintų r. sav. | Musninkų sen.;8967;543;SEN;1003;474;529;79311808;54,94750296;24,83121320;0
5;41;41;Vilniaus r. sav.;Buivydžių sen.;41 | Buivydžių sen.;Vilniaus r. sav. | Buivydžių sen.;4107;464;SEN;804;378;426;98041787;54,82251640;25,64237321;1
6;84;84;Šakių r. sav.;Plokščių sen.;84 | Plokščių sen.;Šakių r. sav. | Plokščių sen.;8455;199;SEN;774;365;409;95856646;55,03801943;23,15000795;0
7;48;48;Kalvarijos sav.;Kalvarijos sen.;48 | Kalvarijos sen.;Kalvarijos sav. | Kalvarijos sen.;4834;1209;SEN;7789;3734;4055;228782822;54,39045760;23,21590961;0
8;41;41;Vilniaus r. sav.;Medininkų sen.;41 | Medininkų sen.;Vilniaus r. sav. | Medininkų sen.;4151;475;SEN;953;469;484;64247773;54,49875671;25,59806616;0
9;19;19;Kauno m. sav.;Centro sen.;19 | Centro sen.;Kauno m. sav. | Centro sen.;1901;1392;SEN;14355;6528;7827;4579772;54,85541849;23,87827885;1
10;19;19;Kauno m. sav.;Dainavos sen.;19 | Dainavos sen.;Kauno m. sav. | Dainavos sen.;1904;1395;SEN;53053;23069;29984;5237450;54,92031765;23,95059830;1
11;86;86;Švenčionių r. sav.;Pabradės sen.;86 | Pabradės sen.;Švenčionių r. sav. | Pabradės sen.;8644;530;SEN;6257;2913;3344;362856284;54,99187557;25,78086384;1
12;48;48;Kalvarijos sav.;Liubavo sen.;48 | Liubavo sen.;Kalvarijos sav. | Liubavo sen.;4839;1208;SEN;576;273;303;74241379;54,32414298;23,08013353;0
13;13;13;Vilniaus m. sav.;Justiniškių sen.;13 | Justiniškių sen.;Vilniaus m. sav. | Justiniškių sen.;1303;1494;SEN;25956;11731;14225;2977001;54,70688338;25,18117872;1
14;13;13;Vilniaus m. sav.;Šnipiškių sen.;13 | Šnipiškių sen.;Vilniaus m. sav. | Šnipiškių sen.;1316;1507;SEN;16477;7488;8989;3110924;54,70159996;25,27741890;1
15;84;84;Šakių r. sav.;Kidulių sen.;84 | Kidulių sen.;Šakių r. sav. | Kidulių sen.;8430;192;SEN;1809;882;927;112233191;55,01423372;22,83752419;1
16;41;41;Vilniaus r. sav.;Dūkštų sen.;41 | Dūkštų sen.;Vilniaus r. sav. | Dūkštų sen.;4128;469;SEN;1808;915;893;89689789;54,81233673;24,95855026;1
17;13;13;Vilniaus m. sav.;Pašilaičių sen.;13 | Pašilaičių sen.;Vilniaus m. sav. | Pašilaičių sen.;1310;1501;SEN;40384;18838;21546;7932764;54,73864131;25,21076012;0
18;13;13;Vilniaus m. sav.;Viršuliškių sen.;13 | Viršuliškių sen.;Vilniaus m. sav. | Viršuliškių sen.;1318;1509;SEN;13877;6132;7745;2542841;54,66708372;25,19320707;1
19;72;72;Raseinių r. sav.;Ariogalos miesto sen.;72 | Ariogalos miesto sen;Raseinių r. sav. | Ariogalos miesto sen.;7205;110;SEN;2743;1256;1487;4828566;55,23360672;23,47792389;0
20;13;13;Vilniaus m. sav.;Žvėryno sen.;13 | Žvėryno sen.;Vilniaus m. sav. | Žvėryno sen.;1320;1511;SEN;12089;5559;6530;2633067;54,69531940;25,25071369;0
21;13;13;Vilniaus m. sav.;Fabijoniškių sen.;13 | Fabijoniškių sen.;Vilniaus m. sav. | Fabijoniškių sen.;1302;1493;SEN;37006;17015;19991;5845287;54,73727461;25,24210211;0
22;45;45;Ignalinos r. sav.;Vidiškių sen.;45 | Vidiškių sen.;Ignalinos r. sav. | Vidiškių sen.;4504;414;SEN;1106;542;564;58359266;55,36655477;26,22028835;1
23;19;19;Kauno m. sav.;Šančių sen.;19 | Šančių sen.;Kauno m. sav. | Šančių sen.;1903;1394;SEN;18954;8558;10396;7404155;54,84704711;23,94423514;0
24;18;18;Marijampolės sav.;Mokolų sen.;18 | Mokolų sen.;Marijampolės sav. | Mokolų sen.;1802;1618;SEN;10109;4726;5383;7123010;54,51264539;23,29215108;0
25;48;48;Kalvarijos sav.;Akmenynų sen.;48 | Akmenynų sen.;Kalvarijos sav. | Akmenynų sen.;4814;1210;SEN;545;252;293;39449155;54,40116486;23,04258708;1
26;41;41;Vilniaus r. sav.;Lavoriškių sen.;41 | Lavoriškių sen.;Vilniaus r. sav. | Lavoriškių sen.;4142;471;SEN;2068;985;1083;121633037;54,71658683;25,65234696;0
27;13;13;Vilniaus m. sav.;Karoliniškių sen.;13 | Karoliniškių sen.;Vilniaus m. sav. | Karoliniškių sen.;1304;1495;SEN;24751;10663;14088;3760195;54,65209957;25,18541039;0
28;84;84;Šakių r. sav.;Slavikų sen.;84 | Slavikų sen.;Šakių r. sav. | Slavikų sen.;8475;200;SEN;554;263;291;67121734;54,94208996;22,76148415;0
29;75;75;Skuodo r. sav.;Notėnų sen.;75 | Notėnų sen.;Skuodo r. sav. | Notėnų sen.;7557;142;SEN;763;362;401;90888417;56,10113544;21,70072787;1
30;19;19;Kauno m. sav.;Žaliakalnio sen.;19 | Žaliakalnio sen.;Kauno m. sav. | Žaliakalnio sen.;1902;1393;SEN;21218;9698;11520;7359036;54,90848711;23,90212255;0
31;84;84;Šakių r. sav.;Sudargo sen.;84 | Sudargo sen.;Šakių r. sav. | Sudargo sen.;8479;201;SEN;719;356;363;72191216;55,00560469;22,66208199;0
32;18;18;Marijampolės sav.;Narto sen.;18 | Narto sen.;Marijampolės sav. | Narto sen.;1803;1619;SEN;10408;4837;5571;10438028;54,51524084;23,36022938;0
33;84;84;Šakių r. sav.;Žvirgždaičių sen.;84 | Žvirgždaičių sen.;Šakių r. sav. | Žvirgždaičių sen.;8497;202;SEN;504;238;266;60812115;54,77370004;23,03832064;0
34;73;73;Rokiškio r. sav.;Kazliškio sen.;73 | Kazliškio sen.;Rokiškio r. sav. | Kazliškio sen.;7312;439;SEN;516;261;255;101505138;55,99404373;25,35604461;0
35;47;47;Joniškio r. sav.;Satkūnų sen.;47 | Satkūnų sen.;Joniškio r. sav. | Satkūnų sen.;4747;273;SEN;1044;513;531;131309434;56,29727756;23,61989629;0
36;41;41;Vilniaus r. sav.;Rudaminos sen.;41 | Rudaminos sen.;Vilniaus r. sav. | Rudaminos sen.;4171;480;SEN;5668;2666;3002;52501447;54,55361336;25,37830848;1
37;62;62;Molėtų r. sav.;Mindūnų sen.;62 | Mindūnų sen.;Molėtų r. sav. | Mindūnų sen.;6262;435;SEN;463;228;235;60416490;55,22640914;25,59447714;0
38;19;19;Kauno m. sav.;Gričiupio sen.;19 | Gričiupio sen.;Kauno m. sav. | Gričiupio sen.;1905;1396;SEN;23894;10600;13294;3812087;54,86367608;23,95558348;1
39;45;45;Ignalinos r. sav.;Naujojo Daugėliškio sen.;45 | Naujojo Daugėliškio;Ignalinos r. sav. | Naujojo Daugėliškio sen.;4542;421;SEN;1073;555;518;182647904;55,35897739;26,35861499;0
40;85;85;Šalčininkų r. sav.;Kalesninkų sen.;85 | Kalesninkų sen.;Šalčininkų r. sav. | Kalesninkų sen.;8534;519;SEN;1638;793;845;99116165;54,17963152;24,85020517;1
41;71;71;Radviliškio r. sav.;Šeduvos miesto sen.;71 | Šeduvos miesto sen.;Radviliškio r. sav. | Šeduvos miesto sen.;7161;1189;SEN;3963;1863;2100;147851651;55,70486123;23,71864085;1
42;41;41;Vilniaus r. sav.;Sužionių sen.;41 | Sužionių sen.;Vilniaus r. sav. | Sužionių sen.;4181;483;SEN;1621;754;867;164451091;54,95026934;25,51527204;0
43;43;43;Zarasų r. sav.;Degučių sen.;43 | Degučių sen.;Zarasų r. sav. | Degučių sen.;4326;406;SEN;678;324;354;136210146;55,61034663;25,96551425;1
44;86;86;Švenčionių r. sav.;Magūnų sen.;86 | Magūnų sen.;Švenčionių r. sav. | Magūnų sen.;8629;529;SEN;603;303;300;103642818;54,87954191;25,73685811;0
45;39;39;Vilkaviškio r. sav.;Klausučių sen.;39 | Klausučių sen.;Vilkaviškio r. sav. | Klausučių sen.;3935;166;SEN;2349;1167;1182;126048595;54,71211812;22,94987603;0
46;77;77;Tauragės r. sav.;Lauksargių sen.;77 | Lauksargių sen.;Tauragės r. sav. | Lauksargių sen.;7748;327;SEN;1054;508;546;63672507;55,17625934;22,09708550;0
47;52;52;Kauno r. sav.;Raudondvario sen.;52 | Raudondvario sen.;Kauno r. sav. | Raudondvario sen.;5259;73;SEN;5642;2672;2970;71084576;54,96192631;23,72833086;1
48;75;75;Skuodo r. sav.;Skuodo miesto sen.;75 | Skuodo miesto sen.;Skuodo r. sav. | Skuodo miesto sen.;7501;145;SEN;5508;2454;3054;7576678;56,26923365;21,51910372;1
49;75;75;Skuodo r. sav.;Aleksandrijos sen.;75 | Aleksandrijos sen.;Skuodo r. sav. | Aleksandrijos sen.;7508;137;SEN;1160;560;600;96469469;56,26076617;21,70518880;1
50;58;58;Kazlų Rūdos sav.;Jankų sen.;58 | Jankų sen.;Kazlų Rūdos sav. | Jankų sen.;5894;1203;SEN;909;447;462;158272690;54,83609127;23,36053870;0
51;87;87;Šilalės r. sav.;Bijotų sen.;87 | Bijotų sen.;Šilalės r. sav. | Bijotų sen.;8703;340;SEN;800;406;394;75383160;55,46773409;22,54655147;1
52;42;42;Elektrėnų sav.;Gilučių sen.;42 | Gilučių sen.;Elektrėnų sav. | Gilučių sen.;4209;1218;SEN;422;206;216;23519999;54,79953864;24,58644095;1
53;39;39;Vilkaviškio r. sav.;Šeimenos sen.;39 | Šeimenos sen.;Vilkaviškio r. sav. | Šeimenos sen.;3977;171;SEN;4767;2277;2490;166561491;54,62926112;22,98843939;1
54;67;67;Pasvalio r. sav.;Namišių sen.;67 | Namišių sen.;Pasvalio r. sav. | Namišių sen.;6780;1171;SEN;739;359;380;63228805;56,20396661;24,29018137;1
55;52;52;Kauno r. sav.;Zapyškio sen.;52 | Zapyškio sen.;Kauno r. sav. | Zapyškio sen.;5229;70;SEN;2429;1209;1220;177564374;54,90095577;23,55515184;0
56;73;73;Rokiškio r. sav.;Kriaunų sen.;73 | Kriaunų sen.;Rokiškio r. sav. | Kriaunų sen.;7319;441;SEN;752;360;392;110004927;55,83932717;25,77795024;1
57;46;46;Jonavos r. sav.;Ruklos sen.;46 | Ruklos sen.;Jonavos r. sav. | Ruklos sen.;4620;52;SEN;2210;1048;1162;71961834;55,00862027;24,36316050;0
58;19;19;Kauno m. sav.;Vilijampolės sen.;19 | Vilijampolės sen.;Kauno m. sav. | Vilijampolės sen.;1910;1401;SEN;23687;10592;13095;14377920;54,91523958;23,82017431;0
59;84;84;Šakių r. sav.;Lukšių sen.;84 | Lukšių sen.;Šakių r. sav. | Lukšių sen.;8443;194;SEN;2071;1001;1070;166747365;54,92576678;23,22298269;0
60;39;39;Vilkaviškio r. sav.;Keturvalakių sen.;39 | Keturvalakių sen.;Vilkaviškio r. sav. | Keturvalakių sen.;3938;167;SEN;1354;657;697;88749702;54,52767082;23,11993093;1
61;46;46;Jonavos r. sav.;Upninkų sen.;46 | Upninkų sen.;Jonavos r. sav. | Upninkų sen.;4657;49;SEN;1069;502;567;173134686;55,05455180;24,48480688;0
62;46;46;Jonavos r. sav.;Bukonių sen.;46 | Bukonių sen.;Jonavos r. sav. | Bukonių sen.;4607;45;SEN;1194;593;601;108618907;55,21508616;24,32718400;1
63;68;68;Plungės r. sav.;Plungės miesto sen.;68 | Plungės miesto sen.;Plungės r. sav. | Plungės miesto sen.;6801;1185;SEN;17543;7959;9584;11850007;55,91325011;21,84172784;0
64;86;86;Švenčionių r. sav.;Adutiškio sen.;86 | Adutiškio sen.;Švenčionių r. sav. | Adutiškio sen.;8604;527;SEN;795;367;428;125517132;55,18389869;26,60697285;1
65;74;74;Rietavo sav.;Rietavo miesto sen.;74 | Rietavo miesto sen.;Rietavo sav. | Rietavo miesto sen.;7401;1236;SEN;3234;1510;1724;4774868;55,72709763;21,92925991;0
66;52;52;Kauno r. sav.;Ežerėlio sen.;52 | Ežerėlio sen.;Kauno r. sav. | Ežerėlio sen.;5209;79;SEN;1640;742;898;2238897;54,85400404;23,60846338;1
67;81;81;Ukmergės r. sav.;Želvos sen.;81 | Želvos sen.;Ukmergės r. sav. | Želvos sen.;8129;505;SEN;908;419;489;117905411;55,17623009;25,11720847;0
68;66;66;Panevėžio r. sav.;Smilgių sen.;66 | Smilgių sen.;Panevėžio r. sav. | Smilgių sen.;6679;245;SEN;1423;685;738;130781733;55,78409464;24,05869662;0
69;84;84;Šakių r. sav.;Sintautų sen.;84 | Sintautų sen.;Šakių r. sav. | Sintautų sen.;8471;196;SEN;1329;663;666;102488726;54,85037431;22,97293254;0
70;43;43;Zarasų r. sav.;Antazavės sen.;43 | Antazavės sen.;Zarasų r. sav. | Antazavės sen.;4307;404;SEN;778;384;394;96093365;55,80829503;25,93691702;0
71;73;73;Rokiškio r. sav.;Obelių sen.;73 | Obelių sen.;Rokiškio r. sav. | Obelių sen.;7326;442;SEN;2435;1161;1274;247149279;55,93104235;25,83388808;0
72;71;71;Radviliškio r. sav.;Radviliškio sen.;71 | Radviliškio sen.;Radviliškio r. sav. | Radviliškio sen.;7135;304;SEN;2511;1179;1332;187608103;55,75342679;23,48536959;0
73;85;85;Šalčininkų r. sav.;Butrimonių sen.;85 | Butrimonių sen.;Šalčininkų r. sav. | Butrimonių sen.;8509;515;SEN;1482;704;778;95610284;54,21958406;25,12642457;0
74;43;43;Zarasų r. sav.;Imbrado sen.;43 | Imbrado sen.;Zarasų r. sav. | Imbrado sen.;4332;408;SEN;795;407;388;116052749;55,75923462;26,07400680;0
75;18;18;Marijampolės sav.;Gudelių sen.;18 | Gudelių sen.;Marijampolės sav. | Gudelių sen.;1820;1228;SEN;726;355;371;56495229;54,49084694;23,70139298;1
76;34;34;Anykščių r. sav.;Viešintų sen.;34 | Viešintų sen.;Anykščių r. sav. | Viešintų sen.;3413;395;SEN;657;313;344;121335408;55,66659785;24,96115685;1
77;87;87;Šilalės r. sav.;Šilalės kaimiškoji sen.;87 | Šilalės kaimiškoji s;Šilalės r. sav. | Šilalės kaimiškoji sen.;8770;338;SEN;2572;1228;1344;146001604;55,44834086;22,21527976;1
78;77;77;Tauragės r. sav.;Tauragės miesto sen.;77 | Tauragės miesto sen.;Tauragės r. sav. | Tauragės miesto sen.;7701;331;SEN;21203;9458;11745;14134665;55,25133656;22,26776612;1
79;41;41;Vilniaus r. sav.;Avižienių sen.;41 | Avižienių sen.;Vilniaus r. sav. | Avižienių sen.;4102;463;SEN;11221;5457;5764;52099643;54,76569139;25,17255732;0
80;55;55;Klaipėdos r. sav.;Kretingalės sen.;55 | Kretingalės sen.;Klaipėdos r. sav. | Kretingalės sen.;5547;121;SEN;5005;2452;2553;129293150;55,82105758;21,15653226;1
81;78;78;Telšių r. sav.;Nevarėnų sen.;78 | Nevarėnų sen.;Telšių r. sav. | Nevarėnų sen.;7847;388;SEN;1251;621;630;132829854;56,08530492;22,33618748;0
82;53;53;Kėdainių r. sav.;Josvainių sen.;53 | Josvainių sen.;Kėdainių r. sav. | Josvainių sen.;5317;219;SEN;2699;1302;1397;208812912;55,20986374;23,76803519;0
83;75;75;Skuodo r. sav.;Barstyčių sen.;75 | Barstyčių sen.;Skuodo r. sav. | Barstyčių sen.;7512;138;SEN;674;322;352;73989491;56,14434595;21,86515546;0
84;53;53;Kėdainių r. sav.;Surviliškio sen.;53 | Surviliškio sen.;Kėdainių r. sav. | Surviliškio sen.;5355;224;SEN;1277;610;667;100191793;55,42963263;23,98714803;0
85;57;57;Kupiškio r. sav.;Noriūnų sen.;57 | Noriūnų sen.;Kupiškio r. sav. | Noriūnų sen.;5744;230;SEN;1715;801;914;93510773;55,76352827;24,88247203;1
86;82;82;Utenos r. sav.;Leliūnų sen.;82 | Leliūnų sen.;Utenos r. sav. | Leliūnų sen.;8226;453;SEN;2695;1312;1383;161567256;55,44604007;25,45407007;0
87;62;62;Molėtų r. sav.;Alantos sen.;62 | Alantos sen.;Molėtų r. sav. | Alantos sen.;6204;427;SEN;1419;675;744;156713209;55,32247988;25,28506603;1
88;45;45;Ignalinos r. sav.;Ignalinos sen.;45 | Ignalinos sen.;Ignalinos r. sav. | Ignalinos sen.;4525;417;SEN;1377;672;705;175269634;55,30329261;26,09887897;1
89;61;61;Mažeikių r. sav.;Sedos sen.;61 | Sedos sen.;Mažeikių r. sav. | Sedos sen.;6135;364;SEN;2261;1090;1171;149117195;56,16108473;22,05608878;1
90;86;86;Švenčionių r. sav.;Strūnaičio sen.;86 | Strūnaičio sen.;Švenčionių r. sav. | Strūnaičio sen.;8662;533;SEN;998;504;494;117225688;55,02741344;26,13965249;1
91;73;73;Rokiškio r. sav.;Rokiškio miesto sen.;73 | Rokiškio miesto sen.;Rokiškio r. sav. | Rokiškio miesto sen.;7301;448;SEN;11764;5221;6543;11572956;55,93820003;25,56919932;1
92;73;73;Rokiškio r. sav.;Rokiškio kaimiškoji sen.;73 | Rokiškio kaimiškoji;Rokiškio r. sav. | Rokiškio kaimiškoji sen.;7345;445;SEN;4125;2039;2086;296062802;55,98422916;25,51754448;1
93;73;73;Rokiškio r. sav.;Juodupės sen.;73 | Juodupės sen.;Rokiškio r. sav. | Juodupės sen.;7386;447;SEN;2735;1277;1458;190164203;56,08736311;25,60706918;1
94;45;45;Ignalinos r. sav.;Didžiasalio sen.;45 | Didžiasalio sen.;Ignalinos r. sav. | Didžiasalio sen.;4520;415;SEN;1222;571;651;85282137;55,27379736;26,70612268;1
95;86;86;Švenčionių r. sav.;Sarių sen.;86 | Sarių sen.;Švenčionių r. sav. | Sarių sen.;8657;531;SEN;359;169;190;134014476;55,03782880;26,00684052;0
96;59;59;Lazdijų r. sav.;Šeštokų sen.;59 | Šeštokų sen.;Lazdijų r. sav. | Šeštokų sen.;5990;40;SEN;1254;581;673;85551545;54,31682506;23,47069904;0
97;52;52;Kauno r. sav.;Linksmakalnio sen.;52 | Linksmakalnio sen.;Kauno r. sav. | Linksmakalnio sen.;5243;1816;SEN;649;303;346;2954377;54,76151166;23,93167136;1
98;79;79;Trakų r. sav.;Paluknio sen.;79 | Paluknio sen.;Trakų r. sav. | Paluknio sen.;7973;493;SEN;1184;565;619;134298578;54,47917653;25,02254017;0
99;63;63;Pagėgių sav.;Stoniškių sen.;63 | Stoniškių sen.;Pagėgių sav. | Stoniškių sen.;6378;1213;SEN;1521;719;802;123085196;55,15282227;21,76362496;0
100;84;84;Šakių r. sav.;Barzdų sen.;84 | Barzdų sen.;Šakių r. sav. | Barzdų sen.;8405;188;SEN;804;378;426;72704789;54,74979867;23,18134224;1
101;86;86;Švenčionių r. sav.;Labanoro sen.;86 | Labanoro sen.;Švenčionių r. sav. | Labanoro sen.;8615;1237;SEN;205;106;99;206584672;55,19539158;25,76319183;1
102;91;91;Šiaulių r. sav.;Meškuičių sen.;91 | Meškuičių sen.;Šiaulių r. sav. | Meškuičių sen.;9148;317;SEN;1781;840;941;139454984;56,02401823;23,44010233;1
103;91;91;Šiaulių r. sav.;Ginkūnų sen.;91 | Ginkūnų sen.;Šiaulių r. sav. | Ginkūnų sen.;9108;1240;SEN;3294;1575;1719;37093086;55,96783508;23,40230201;1
104;13;13;Vilniaus m. sav.;Naujosios Vilnios sen.;13 | Naujosios Vilnios se;Vilniaus m. sav. | Naujosios Vilnios sen.;1308;1499;SEN;36506;16915;19591;38540553;54,66303081;25,37641689;0
105;69;69;Prienų r. sav.;Veiverių sen.;69 | Veiverių sen.;Prienų r. sav. | Veiverių sen.;6925;90;SEN;3378;1650;1728;136749284;54,72250847;23,70147075;0
106;39;39;Vilkaviškio r. sav.;Virbalio sen.;39 | Virbalio sen.;Vilkaviškio r. sav. | Virbalio sen.;3979;174;SEN;1449;669;780;47024339;54,59888777;22,83030930;0
107;41;41;Vilniaus r. sav.;Juodšilių sen.;41 | Juodšilių sen.;Vilniaus r. sav. | Juodšilių sen.;4194;485;SEN;4765;2269;2496;23633760;54,54522737;25,26214142;1
108;55;55;Klaipėdos r. sav.;Gargždų sen.;55 | Gargždų sen.;Klaipėdos r. sav. | Gargždų sen.;5501;125;SEN;15065;7081;7984;15819348;55,71293387;21,37549377;0
109;49;49;Kaišiadorių r. sav.;Nemaitonių sen.;49 | Nemaitonių sen.;Kaišiadorių r. sav. | Nemaitonių sen.;4940;59;SEN;365;168;197;59525149;54,66518478;24,39523953;1
110;56;56;Kretingos r. sav.;Kretingos miesto sen.;56 | Kretingos miesto sen;Kretingos r. sav. | Kretingos miesto sen.;5601;134;SEN;17249;7977;9272;15575619;55,85175175;21,23324805;0
111;58;58;Kazlų Rūdos sav.;Antanavo sen.;58 | Antanavo sen.;Kazlų Rūdos sav. | Antanavo sen.;5867;1206;SEN;691;337;354;22757339;54,71167986;23,32602639;0
112;69;69;Prienų r. sav.;Jiezno sen.;69 | Jiezno sen.;Prienų r. sav. | Jiezno sen.;6930;91;SEN;2485;1152;1333;138715734;54,60016687;24,16032994;0
113;42;42;Elektrėnų sav.;Beižionių sen.;42 | Beižionių sen.;Elektrėnų sav. | Beižionių sen.;4288;1221;SEN;240;124;116;32950085;54,65359550;24,49920027;0
114;78;78;Telšių r. sav.;Degaičių sen.;78 | Degaičių sen.;Telšių r. sav. | Degaičių sen.;7824;385;SEN;1759;864;895;110549639;56,00386704;22,32709499;0
115;69;69;Prienų r. sav.;Stakliškių sen.;69 | Stakliškių sen.;Prienų r. sav. | Stakliškių sen.;6973;95;SEN;2045;967;1078;180446841;54,57741928;24,32816058;0
116;47;47;Joniškio r. sav.;Kriukų sen.;47 | Kriukų sen.;Joniškio r. sav. | Kriukų sen.;4731;270;SEN;1088;540;548;133816789;56,25120961;23,82118139;0
117;85;85;Šalčininkų r. sav.;Poškonių sen.;85 | Poškonių sen.;Šalčininkų r. sav. | Poškonių sen.;8554;521;SEN;566;286;280;85482585;54,26072644;25,59959689;0
118;85;85;Šalčininkų r. sav.;Dieveniškių sen.;85 | Dieveniškių sen.;Šalčininkų r. sav. | Dieveniškių sen.;8527;518;SEN;1585;749;836;165343368;54,17815621;25,64689796;1
119;62;62;Molėtų r. sav.;Videniškių sen.;62 | Videniškių sen.;Molėtų r. sav. | Videniškių sen.;6219;429;SEN;554;270;284;69547032;55,20730147;25,23669752;0
120;68;68;Plungės r. sav.;Žemaičių Kalvarijos sen.;68 | Žemaičių Kalvarijos;Plungės r. sav. | Žemaičių Kalvarijos sen.;6819;370;SEN;1570;745;825;119222459;56,07583170;21,94848961;0
121;68;68;Plungės r. sav.;Žlibinų sen.;68 | Žlibinų sen.;Plungės r. sav. | Žlibinų sen.;6826;371;SEN;1221;606;615;140112448;55,86835664;22,03155697;0
122;79;79;Trakų r. sav.;Lentvario sen.;79 | Lentvario sen.;Trakų r. sav. | Lentvario sen.;7910;498;SEN;12811;6016;6795;69566364;54,65897215;25,00925059;0
123;42;42;Elektrėnų sav.;Vievio sen.;42 | Vievio sen.;Elektrėnų sav. | Vievio sen.;4218;1215;SEN;7118;3370;3748;154617735;54,74616860;24,82586780;0
124;13;13;Vilniaus m. sav.;Grigiškių sen.;13 | Grigiškių sen.;Vilniaus m. sav. | Grigiškių sen.;1321;1512;SEN;10336;4713;5623;7006646;54,66199509;25,06870705;1
125;19;19;Kauno m. sav.;Eigulių sen.;19 | Eigulių sen.;Kauno m. sav. | Eigulių sen.;1909;1400;SEN;39356;17316;22040;13342208;54,93877846;23,94275873;0
126;32;32;Akmenės r. sav.;Kruopių sen.;32 | Kruopių sen.;Akmenės r. sav. | Kruopių sen.;3242;263;SEN;786;388;398;131673497;56,23251222;23,00601501;1
127;38;38;Varėnos r. sav.;Valkininkų sen.;38 | Valkininkų sen.;Varėnos r. sav. | Valkininkų sen.;3805;17;SEN;1572;737;835;177095039;54,34766147;24,83856725;0
128;71;71;Radviliškio r. sav.;Baisogalos sen.;71 | Baisogalos sen.;Radviliškio r. sav. | Baisogalos sen.;7113;300;SEN;3305;1535;1770;176593468;55,62670003;23,72079762;0
129;71;71;Radviliškio r. sav.;Aukštelkų sen.;71 | Aukštelkų sen.;Radviliškio r. sav. | Aukštelkų sen.;7108;299;SEN;1366;662;704;79664816;55,82744466;23,59699168;1
130;39;39;Vilkaviškio r. sav.;Pilviškių sen.;39 | Pilviškių sen.;Vilkaviškio r. sav. | Pilviškių sen.;3960;170;SEN;3775;1794;1981;154269434;54,67143973;23,18500007;1
131;85;85;Šalčininkų r. sav.;Gerviškių sen.;85 | Gerviškių sen.;Šalčininkų r. sav. | Gerviškių sen.;8514;516;SEN;1791;904;887;164337973;54,30877316;25,23758878;1
132;79;79;Trakų r. sav.;Trakų sen.;79 | Trakų sen.;Trakų r. sav. | Trakų sen.;7994;497;SEN;8194;3914;4280;199618551;54,62497169;24,83905990;0
133;75;75;Skuodo r. sav.;Mosėdžio sen.;75 | Mosėdžio sen.;Skuodo r. sav. | Mosėdžio sen.;7546;141;SEN;1899;897;1002;99534269;56,14230861;21,54768451;1
134;88;88;Šilutės r. sav.;Juknaičių sen.;88 | Juknaičių sen.;Šilutės r. sav. | Juknaičių sen.;8897;156;SEN;2178;1075;1103;154720877;55,24473143;21,56793710;0
135;54;54;Kelmės r. sav.;Kelmės apylinkių sen.;54 | Kelmės apylinkių sen;Kelmės r. sav. | Kelmės apylinkių sen.;5419;281;SEN;2022;1031;991;133122160;55,64330928;22,86620398;1
136;94;94;Jurbarko r. sav.;Viešvilės sen.;94 | Viešvilės sen.;Jurbarko r. sav. | Viešvilės sen.;9422;348;SEN;815;387;428;120117743;55,07884724;22,35595373;1
137;47;47;Joniškio r. sav.;Rudiškių sen.;47 | Rudiškių sen.;Joniškio r. sav. | Rudiškių sen.;4744;272;SEN;583;288;295;84810148;56,14363142;23,36119685;0
138;63;63;Pagėgių sav.;Lumpėnų sen.;63 | Lumpėnų sen.;Pagėgių sav. | Lumpėnų sen.;6308;1239;SEN;845;419;426;82584164;55,08047460;22,00457121;1
139;88;88;Šilutės r. sav.;Saugų sen.;88 | Saugų sen.;Šilutės r. sav. | Saugų sen.;8872;152;SEN;2761;1316;1445;173748793;55,44413426;21,43944389;0
140;41;41;Vilniaus r. sav.;Bezdonių sen.;41 | Bezdonių sen.;Vilniaus r. sav. | Bezdonių sen.;4110;465;SEN;2802;1371;1431;121439445;54,78474161;25,48572407;0
141;75;75;Skuodo r. sav.;Lenkimų sen.;75 | Lenkimų sen.;Skuodo r. sav. | Lenkimų sen.;7535;140;SEN;742;352;390;85887089;56,15682991;21,33062013;0
142;46;46;Jonavos r. sav.;Šveicarijos sen.;46 | Šveicarijos sen.;Jonavos r. sav. | Šveicarijos sen.;4613;46;SEN;2229;1120;1109;81132058;55,01850574;24,22143335;0
143;78;78;Telšių r. sav.;Gadūnavo sen.;78 | Gadūnavo sen.;Telšių r. sav. | Gadūnavo sen.;7819;384;SEN;1473;711;762;139103254;56,02707062;22,14677424;1
144;41;41;Vilniaus r. sav.;Marijampolio sen.;41 | Marijampolio sen.;Vilniaus r. sav. | Marijampolio sen.;4146;473;SEN;3305;1642;1663;121901015;54,49677256;25,34132273;0
145;78;78;Telšių r. sav.;Telšių miesto sen.;78 | Telšių miesto sen.;Telšių r. sav. | Telšių miesto sen.;7810;1190;SEN;22652;10231;12421;22473703;55,94894639;22,24575759;0
146;54;54;Kelmės r. sav.;Tytuvėnų sen.;54 | Tytuvėnų sen.;Kelmės r. sav. | Tytuvėnų sen.;5473;285;SEN;1850;824;1026;9881746;55,56965633;23,18684282;1
147;46;46;Jonavos r. sav.;Jonavos miesto sen.;46 | Jonavos miesto sen.;Jonavos r. sav. | Jonavos miesto sen.;4601;1616;SEN;27381;12400;14981;13676819;55,07920129;24,27810189;1
148;61;61;Mažeikių r. sav.;Tirkšlių sen.;61 | Tirkšlių sen.;Mažeikių r. sav. | Tirkšlių sen.;6146;365;SEN;3520;1722;1798;160888354;56,21055162;22,31618830;1
149;61;61;Mažeikių r. sav.;Mažeikių sen.;61 | Mažeikių sen.;Mažeikių r. sav. | Mažeikių sen.;6111;1187;SEN;33101;15106;17995;16490506;56,26924471;22,30052279;0
150;66;66;Panevėžio r. sav.;Vadoklių sen.;66 | Vadoklių sen.;Panevėžio r. sav. | Vadoklių sen.;6608;236;SEN;1529;736;793;168394447;55,49141769;24,45904943;1
151;61;61;Mažeikių r. sav.;Laižuvos sen.;61 | Laižuvos sen.;Mažeikių r. sav. | Laižuvos sen.;6112;361;SEN;800;392;408;61959633;56,34908355;22,49948616;1
152;78;78;Telšių r. sav.;Ryškėnų sen.;78 | Ryškėnų sen.;Telšių r. sav. | Ryškėnų sen.;7869;389;SEN;2201;1046;1155;105299828;55,91355858;22,17432462;1
153;82;82;Utenos r. sav.;Vyžuonų sen.;82 | Vyžuonų sen.;Utenos r. sav. | Vyžuonų sen.;8206;450;SEN;1303;624;679;81626371;55,54050227;25,49390586;0
154;72;72;Raseinių r. sav.;Girkalnio sen.;72 | Girkalnio sen.;Raseinių r. sav. | Girkalnio sen.;7226;102;SEN;1381;629;752;104781206;55,26718938;23,19986433;1
155;72;72;Raseinių r. sav.;Betygalos sen.;72 | Betygalos sen.;Raseinių r. sav. | Betygalos sen.;7213;100;SEN;1652;781;871;184115132;55,36081606;23,41108701;1
156;65;65;Pakruojo r. sav.;Pakruojo sen.;65 | Pakruojo sen.;Pakruojo r. sav. | Pakruojo sen.;6546;295;SEN;6450;2913;3537;134743101;55,97176777;23,80300044;1
157;47;47;Joniškio r. sav.;Gaižaičių sen.;47 | Gaižaičių sen.;Joniškio r. sav. | Gaižaičių sen.;4720;276;SEN;352;168;184;107632300;56,21808944;23,16878274;1
158;55;55;Klaipėdos r. sav.;Sendvario sen.;55 | Sendvario sen.;Klaipėdos r. sav. | Sendvario sen.;5570;123;SEN;10969;5339;5630;69569698;55,72992781;21,20350398;0
159;78;78;Telšių r. sav.;Varnių sen.;78 | Varnių sen.;Telšių r. sav. | Varnių sen.;7811;382;SEN;2857;1362;1495;277236404;55,72813114;22,36616360;0
160;63;63;Pagėgių sav.;Vilkyškių sen.;63 | Vilkyškių sen.;Pagėgių sav. | Vilkyškių sen.;6309;1212;SEN;1213;554;659;146722723;55,08249044;22,15271292;0
161;41;41;Vilniaus r. sav.;Nemėžio sen.;41 | Nemėžio sen.;Vilniaus r. sav. | Nemėžio sen.;4157;477;SEN;8946;4261;4685;39771451;54,60895224;25,37272754;0
162;41;41;Vilniaus r. sav.;Šatrininkų sen.;41 | Šatrininkų sen.;Vilniaus r. sav. | Šatrininkų sen.;4122;468;SEN;2869;1369;1500;35402941;54,63992851;25,45130641;0
163;45;45;Ignalinos r. sav.;Ceikinių sen.;45 | Ceikinių sen.;Ignalinos r. sav. | Ceikinių sen.;4562;425;SEN;441;220;221;74437235;55,24775915;26,29832476;1
164;84;84;Šakių r. sav.;Lekėčių sen.;84 | Lekėčių sen.;Šakių r. sav. | Lekėčių sen.;8449;195;SEN;1316;625;691;78561617;54,98236916;23,45918446;1
165;54;54;Kelmės r. sav.;Kražių sen.;54 | Kražių sen.;Kelmės r. sav. | Kražių sen.;5425;282;SEN;2050;989;1061;254779006;55,60156077;22,61715127;0
166;39;39;Vilkaviškio r. sav.;Vištyčio sen.;39 | Vištyčio sen.;Vilkaviškio r. sav. | Vištyčio sen.;3920;173;SEN;826;392;434;104177227;54,43462041;22,75951583;0
167;74;74;Rietavo sav.;Rietavo sen.;74 | Rietavo sen.;Rietavo sav. | Rietavo sen.;7475;1225;SEN;2314;1126;1188;335143846;55,67709936;21,90082020;0
168;55;55;Klaipėdos r. sav.;Priekulės sen.;55 | Priekulės sen.;Klaipėdos r. sav. | Priekulės sen.;5566;122;SEN;8468;4095;4373;163142738;55,53979879;21,26290439;1
169;63;63;Pagėgių sav.;Pagėgių sen.;63 | Pagėgių sen.;Pagėgių sav. | Pagėgių sen.;6360;1211;SEN;3204;1485;1719;130932868;55,14427556;21,93237347;0
170;39;39;Vilkaviškio r. sav.;Gižų sen.;39 | Gižų sen.;Vilkaviškio r. sav. | Gižų sen.;3926;165;SEN;854;415;439;49112271;54,59012760;23,20876179;1
171;94;94;Jurbarko r. sav.;Veliuonos sen.;94 | Veliuonos sen.;Jurbarko r. sav. | Veliuonos sen.;9418;347;SEN;1220;575;645;127852266;55,14067559;23,23244624;0
172;71;71;Radviliškio r. sav.;Pakalniškių sen.;71 | Pakalniškių sen.;Radviliškio r. sav. | Pakalniškių sen.;7127;303;SEN;1981;968;1013;162610894;55,77103959;23,83256216;1
173;43;43;Zarasų r. sav.;Zarasų miesto sen.;43 | Zarasų miesto sen.;Zarasų r. sav. | Zarasų miesto sen.;4350;1223;SEN;6077;2685;3392;13209692;55,70944786;26,22628930;0
174;84;84;Šakių r. sav.;Griškabūdžio sen.;84 | Griškabūdžio sen.;Šakių r. sav. | Griškabūdžio sen.;8417;191;SEN;2018;971;1047;141974307;54,83118869;23,19104587;0
175;56;56;Kretingos r. sav.;Vydmantų sen.;56 | Vydmantų sen.;Kretingos r. sav. | Vydmantų sen.;9499;750;SEN;2239;1073;1166;30431537;55,87917445;21,13137086;0
176;88;88;Šilutės r. sav.;Kintų sen.;88 | Kintų sen.;Šilutės r. sav. | Kintų sen.;8850;160;SEN;1442;710;732;160789356;55,38006985;21,30845178;0
177;71;71;Radviliškio r. sav.;Grinkiškio sen.;71 | Grinkiškio sen.;Radviliškio r. sav. | Grinkiškio sen.;7115;301;SEN;1818;866;952;204000064;55,53980202;23,58704206;1
178;81;81;Ukmergės r. sav.;Siesikų sen.;81 | Siesikų sen.;Ukmergės r. sav. | Siesikų sen.;8172;509;SEN;1231;580;651;177090489;55,29426436;24,48165120;0
179;55;55;Klaipėdos r. sav.;Judrėnų sen.;55 | Judrėnų sen.;Klaipėdos r. sav. | Judrėnų sen.;5510;126;SEN;588;287;301;64534554;55,56882522;21,77838361;1
180;87;87;Šilalės r. sav.;Kaltinėnų sen.;87 | Kaltinėnų sen.;Šilalės r. sav. | Kaltinėnų sen.;8711;333;SEN;1928;926;1002;148445048;55,54191995;22,43495234;0
181;87;87;Šilalės r. sav.;Bilionių sen.;87 | Bilionių sen.;Šilalės r. sav. | Bilionių sen.;8705;341;SEN;341;172;169;24143131;55,57695030;22,30352981;0
182;85;85;Šalčininkų r. sav.;Baltosios Vokės sen.;85 | Baltosios Vokės sen.;Šalčininkų r. sav. | Baltosios Vokės sen.;8503;1222;SEN;1703;845;858;89853507;54,42517968;25,10933501;1
183;39;39;Vilkaviškio r. sav.;Gražiškių sen.;39 | Gražiškių sen.;Vilkaviškio r. sav. | Gražiškių sen.;3930;172;SEN;703;349;354;113327782;54,42550624;22,89322960;1
184;74;74;Rietavo sav.;Tverų sen.;74 | Tverų sen.;Rietavo sav. | Tverų sen.;7489;1226;SEN;1071;527;544;143357649;55,70574623;22,13615333;0
185;46;46;Jonavos r. sav.;Užusalių sen.;46 | Užusalių sen.;Jonavos r. sav. | Užusalių sen.;4668;50;SEN;2198;1044;1154;93481544;54,96183644;24,17949468;0
186;41;41;Vilniaus r. sav.;Sudervės sen.;41 | Sudervės sen.;Vilniaus r. sav. | Sudervės sen.;4178;482;SEN;2667;1332;1335;71308543;54,75878410;25,03698288;1
187;13;13;Vilniaus m. sav.;Antakalnio sen.;13 | Antakalnio sen.;Vilniaus m. sav. | Antakalnio sen.;1301;1492;SEN;39242;18041;21201;77180886;54,74998349;25,38143929;1
188;67;67;Pasvalio r. sav.;Daujėnų sen.;67 | Daujėnų sen.;Pasvalio r. sav. | Daujėnų sen.;6715;249;SEN;999;482;517;118187081;55,95688226;24,51537352;1
189;36;36;Biržų r. sav.;Parovėjos sen.;36 | Parovėjos sen.;Biržų r. sav. | Parovėjos sen.;3654;212;SEN;1607;793;814;289940814;56,22967219;24,88103430;1
190;13;13;Vilniaus m. sav.;Panerių sen.;13 | Panerių sen.;Vilniaus m. sav. | Panerių sen.;1309;1500;SEN;8807;4280;4527;78196598;54,60297999;25,12381263;1
191;41;41;Vilniaus r. sav.;Riešės sen.;41 | Riešės sen.;Vilniaus r. sav. | Riešės sen.;4168;479;SEN;6377;3151;3226;103787443;54,83117499;25,28878052;0
192;43;43;Zarasų r. sav.;Zarasų sen.;43 | Zarasų sen.;Zarasų r. sav. | Zarasų sen.;4330;407;SEN;1893;946;947;213694620;55,66395355;26,19423620;0
193;41;41;Vilniaus r. sav.;Zujūnų sen.;41 | Zujūnų sen.;Vilniaus r. sav. | Zujūnų sen.;4112;466;SEN;7117;3434;3683;65459633;54,71021643;25,08055552;1
194;88;88;Šilutės r. sav.;Švėkšnos sen.;88 | Švėkšnos sen.;Šilutės r. sav. | Švėkšnos sen.;8888;155;SEN;2690;1308;1382;186456091;55,49028813;21,63727533;0
195;88;88;Šilutės r. sav.;Usėnų sen.;88 | Usėnų sen.;Šilutės r. sav. | Usėnų sen.;8884;154;SEN;1002;486;516;74037227;55,21388814;21,67030162;0
196;13;13;Vilniaus m. sav.;Rasų sen.;13 | Rasų sen.;Vilniaus m. sav. | Rasų sen.;1312;1503;SEN;10231;4640;5591;16307042;54,61697653;25,28715843;0
197;13;13;Vilniaus m. sav.;Naujininkų sen.;13 | Naujininkų sen.;Vilniaus m. sav. | Naujininkų sen.;1307;1498;SEN;30030;13772;16258;44270794;54,59572733;25,26193197;0
198;32;32;Akmenės r. sav.;Ventos sen.;32 | Ventos sen.;Akmenės r. sav. | Ventos sen.;3252;266;SEN;2974;1347;1627;39691059;56,18905599;22,67143893;0
199;82;82;Utenos r. sav.;Sudeikių sen.;82 | Sudeikių sen.;Utenos r. sav. | Sudeikių sen.;8260;455;SEN;1213;595;618;104682203;55,57706986;25,64834040;1
200;42;42;Elektrėnų sav.;Kazokiškių sen.;42 | Kazokiškių sen.;Elektrėnų sav. | Kazokiškių sen.;4219;1219;SEN;391;199;192;53723981;54,83310385;24,79423232;1
201;39;39;Vilkaviškio r. sav.;Bartninkų sen.;39 | Bartninkų sen.;Vilkaviškio r. sav. | Bartninkų sen.;3914;164;SEN;1871;901;970;125746684;54,49394798;23,00609981;1
202;94;94;Jurbarko r. sav.;Skirsnemunės sen.;94 | Skirsnemunės sen.;Jurbarko r. sav. | Skirsnemunės sen.;9460;351;SEN;1653;812;841;99042406;55,09544808;22,95600464;0
203;15;15;Druskininkų sav.;Viečiūnų sen.;15 | Viečiūnų sen.;Druskininkų sav. | Viečiūnų sen.;1570;1201;SEN;3998;1905;2093;197011973;53,98052965;24,06221204;1
204;54;54;Kelmės r. sav.;Vaiguvos sen.;54 | Vaiguvos sen.;Kelmės r. sav. | Vaiguvos sen.;5405;279;SEN;722;357;365;91575419;55,67067350;22,74570106;1
205;74;74;Rietavo sav.;Medingėnų sen.;74 | Medingėnų sen.;Rietavo sav. | Medingėnų sen.;7440;1224;SEN;432;205;227;82064780;55,77211921;22,06612345;0
206;42;42;Elektrėnų sav.;Kietaviškių sen.;42 | Kietaviškių sen.;Elektrėnų sav. | Kietaviškių sen.;4230;1217;SEN;1297;631;666;64714394;54,71672032;24,56397650;0
207;41;41;Vilniaus r. sav.;Pagirių sen.;41 | Pagirių sen.;Vilniaus r. sav. | Pagirių sen.;4115;467;SEN;7138;3351;3787;89413413;54,52880684;25,14771960;1
208;85;85;Šalčininkų r. sav.;Turgelių sen.;85 | Turgelių sen.;Šalčininkų r. sav. | Turgelių sen.;8563;522;SEN;1953;937;1016;118893347;54,42604504;25,49688138;1
209;59;59;Lazdijų r. sav.;Krosnos sen.;59 | Krosnos sen.;Lazdijų r. sav. | Krosnos sen.;5930;31;SEN;692;320;372;43095206;54,37146058;23,50397472;1
210;41;41;Vilniaus r. sav.;Mickūnų sen.;41 | Mickūnų sen.;Vilniaus r. sav. | Mickūnų sen.;4148;474;SEN;5421;2642;2779;93572763;54,69025818;25,51074532;0
211;13;13;Vilniaus m. sav.;Verkių sen.;13 | Verkių sen.;Vilniaus m. sav. | Verkių sen.;1313;1504;SEN;50756;24058;26698;56053599;54,75437655;25,29169274;1
212;52;52;Kauno r. sav.;Kačerginės sen.;52 | Kačerginės sen.;Kauno r. sav. | Kačerginės sen.;5236;81;SEN;739;348;391;2154660;54,89260162;23,70338355;1
213;13;13;Vilniaus m. sav.;Lazdynų sen.;13 | Lazdynų sen.;Vilniaus m. sav. | Lazdynų sen.;1305;1496;SEN;30945;13963;16982;9957696;54,63800735;25,20507460;1
214;43;43;Zarasų r. sav.;Antalieptės sen.;43 | Antalieptės sen.;Zarasų r. sav. | Antalieptės sen.;4310;405;SEN;537;272;265;62584633;55,64082127;25,83306580;0
215;46;46;Jonavos r. sav.;Žeimių sen.;46 | Žeimių sen.;Jonavos r. sav. | Žeimių sen.;4624;47;SEN;1774;870;904;151671986;55,18861163;24,17082537;1
216;88;88;Šilutės r. sav.;Žemaičių Naumiesčio sen.;88 | Žemaičių Naumiesčio;Šilutės r. sav. | Žemaičių Naumiesčio sen.;8820;150;SEN;2732;1252;1480;111357437;55,32316448;21,72024046;0
217;87;87;Šilalės r. sav.;Laukuvos sen.;87 | Laukuvos sen.;Šilalės r. sav. | Laukuvos sen.;8719;335;SEN;2497;1201;1296;169771299;55,60245538;22,22888840;0
218;57;57;Kupiškio r. sav.;Skapiškio sen.;57 | Skapiškio sen.;Kupiškio r. sav. | Skapiškio sen.;5777;231;SEN;1251;604;647;203023816;55,86417682;25,19722735;0
219;52;52;Kauno r. sav.;Lapių sen.;52 | Lapių sen.;Kauno r. sav. | Lapių sen.;5257;85;SEN;3548;1727;1821;58408441;54,98976324;24,01449572;1
220;89;89;Širvintų r. sav.;Kernavės sen.;89 | Kernavės sen.;Širvintų r. sav. | Kernavės sen.;8910;547;SEN;397;198;199;33063452;54,88478187;24,82287871;0
221;56;56;Kretingos r. sav.;Žalgirio sen.;56 | Žalgirio sen.;Kretingos r. sav. | Žalgirio sen.;5623;129;SEN;3638;1785;1853;164542759;55,83378438;21,37403731;1
222;69;69;Prienų r. sav.;Naujosios Ūtos sen.;69 | Naujosios Ūtos sen.;Prienų r. sav. | Naujosios Ūtos sen.;6950;93;SEN;785;378;407;95972524;54,57889104;23,74301126;1
223;89;89;Širvintų r. sav.;Zibalų sen.;89 | Zibalų sen.;Širvintų r. sav. | Zibalų sen.;8934;542;SEN;934;456;478;136056055;55,08085129;25,01708148;0
224;53;53;Kėdainių r. sav.;Šėtos sen.;53 | Šėtos sen.;Kėdainių r. sav. | Šėtos sen.;5377;226;SEN;1628;764;864;148910842;55,33002926;24,30782256;0
225;89;89;Širvintų r. sav.;Širvintų miesto sen.;89 | Širvintų miesto sen.;Širvintų r. sav. | Širvintų miesto sen.;9500;800;SEN;5827;2626;3201;4022177;55,00437750;24,94827231;0
226;81;81;Ukmergės r. sav.;Žemaitkiemio sen.;81 | Žemaitkiemio sen.;Ukmergės r. sav. | Žemaitkiemio sen.;8133;506;SEN;566;272;294;80120171;55,28027218;24,97141861;0
227;65;65;Pakruojo r. sav.;Rozalimo sen.;65 | Rozalimo sen.;Pakruojo r. sav. | Rozalimo sen.;6568;297;SEN;1752;824;928;149484205;55,85768308;23,83627061;1
228;79;79;Trakų r. sav.;Aukštadvario sen.;79 | Aukštadvario sen.;Trakų r. sav. | Aukštadvario sen.;7904;488;SEN;1969;921;1048;177054882;54,57406347;24,54528273;1
229;42;42;Elektrėnų sav.;Semeliškių sen.;42 | Semeliškių sen.;Elektrėnų sav. | Semeliškių sen.;4287;1216;SEN;1024;500;524;75508752;54,67024691;24,66321532;0
230;18;18;Marijampolės sav.;Šunskų sen.;18 | Šunskų sen.;Marijampolės sav. | Šunskų sen.;1876;1233;SEN;2442;1203;1239;72988095;54,60186436;23,32246693;1
231;34;34;Anykščių r. sav.;Andrioniškio sen.;34 | Andrioniškio sen.;Anykščių r. sav. | Andrioniškio sen.;3410;1173;SEN;413;188;225;101170546;55,59382726;25,06269801;0
232;79;79;Trakų r. sav.;Senųjų Trakų sen.;79 | Senųjų Trakų sen.;Trakų r. sav. | Senųjų Trakų sen.;7990;496;SEN;2641;1266;1375;73332329;54,57031777;24,97262747;0
233;41;41;Vilniaus r. sav.;Maišiagalos sen.;41 | Maišiagalos sen.;Vilniaus r. sav. | Maišiagalos sen.;4145;472;SEN;2823;1350;1473;99927682;54,84211090;25,10563991;0
234;48;48;Kalvarijos sav.;Sangrūdos sen.;48 | Sangrūdos sen.;Kalvarijos sav. | Sangrūdos sen.;4862;1207;SEN;1183;569;614;97935743;54,28776212;23,23920549;0
235;53;53;Kėdainių r. sav.;Dotnuvos sen.;53 | Dotnuvos sen.;Kėdainių r. sav. | Dotnuvos sen.;5313;218;SEN;4006;1883;2123;145989111;55,38790518;23,84527227;0
236;41;41;Vilniaus r. sav.;Kalvelių sen.;41 | Kalvelių sen.;Vilniaus r. sav. | Kalvelių sen.;4139;470;SEN;3950;1897;2053;119919296;54,60156908;25,66326674;1
237;89;89;Širvintų r. sav.;Širvintų sen.;89 | Širvintų sen.;Širvintų r. sav. | Širvintų sen.;8982;545;SEN;2850;1344;1506;178400480;55,01387400;24,89399242;1
238;32;32;Akmenės r. sav.;Naujosios Akmenės miesto sen.;32 | Naujosios Akmenės mi;Akmenės r. sav. | Naujosios Akmenės miesto sen.;3260;1184;SEN;7985;3573;4412;9217937;56,29818367;22,87712153;1
239;61;61;Mažeikių r. sav.;Viekšnių sen.;61 | Viekšnių sen.;Mažeikių r. sav. | Viekšnių sen.;6120;1202;SEN;4029;1921;2108;210730594;56,17254617;22,50381106;0
240;89;89;Širvintų r. sav.;Čiobiškio sen.;89 | Čiobiškio sen.;Širvintų r. sav. | Čiobiškio sen.;8978;544;SEN;647;293;354;84703343;54,95623416;24,65894319;1
241;87;87;Šilalės r. sav.;Šilalės miesto sen.;87 | Šilalės miesto sen.;Šilalės r. sav. | Šilalės miesto sen.;8701;339;SEN;4729;2205;2524;3606453;55,45156711;22,17799881;0
242;18;18;Marijampolės sav.;Marijampolės sen.;18 | Marijampolės sen.;Marijampolės sav. | Marijampolės sen.;1847;1231;SEN;5464;2722;2742;199742405;54,53621298;23,46252332;0
243;89;89;Širvintų r. sav.;Alionių sen.;89 | Alionių sen.;Širvintų r. sav. | Alionių sen.;8904;540;SEN;704;343;361;116895264;55,00292515;25,12655271;1
244;67;67;Pasvalio r. sav.;Joniškėlio miesto sen.;67 | Joniškėlio miesto se;Pasvalio r. sav. | Joniškėlio miesto sen.;6704;257;SEN;1026;459;567;1972683;56,02111937;24,17287501;0
245;85;85;Šalčininkų r. sav.;Jašiūnų sen.;85 | Jašiūnų sen.;Šalčininkų r. sav. | Jašiūnų sen.;8593;525;SEN;3545;1717;1828;108173858;54,42359473;25,29633876;0
246;59;59;Lazdijų r. sav.;Būdviečio sen.;59 | Būdviečio sen.;Lazdijų r. sav. | Būdviečio sen.;5908;28;SEN;881;430;451;72521304;54,26731768;23,36225697;0
247;52;52;Kauno r. sav.;Rokų sen.;52 | Rokų sen.;Kauno r. sav. | Rokų sen.;5262;74;SEN;894;437;457;58321791;54,76737785;23,96550946;1
248;91;91;Šiaulių r. sav.;Kuršėnų miesto sen.;91 | Kuršėnų miesto sen.;Šiaulių r. sav. | Kuršėnų miesto sen.;9101;321;SEN;10916;4983;5933;15485883;55,97705536;22,92629696;0
249;38;38;Varėnos r. sav.;Matuizų sen.;38 | Matuizų sen.;Varėnos r. sav. | Matuizų sen.;3842;22;SEN;1833;887;946;157099238;54,25721553;24,71594211;0
250;41;41;Vilniaus r. sav.;Rukainių sen.;41 | Rukainių sen.;Vilniaus r. sav. | Rukainių sen.;4174;481;SEN;2391;1171;1220;141232985;54,55491815;25,51980770;0
251;18;18;Marijampolės sav.;Liudvinavo sen.;18 | Liudvinavo sen.;Marijampolės sav. | Liudvinavo sen.;1842;1230;SEN;4731;2311;2420;169822201;54,44019370;23,39192381;1
252;68;68;Plungės r. sav.;Alsėdžių sen.;68 | Alsėdžių sen.;Plungės r. sav. | Alsėdžių sen.;6807;368;SEN;1043;516;527;55461341;56,01164606;22,01968164;0
253;36;36;Biržų r. sav.;Nemunėlio Radviliškio sen.;36 | Nemunėlio Radviliški;Biržų r. sav. | Nemunėlio Radviliškio sen.;3640;209;SEN;1238;588;650;196330072;56,36152877;24,81392281;0
254;36;36;Biržų r. sav.;Širvėnos sen.;36 | Širvėnos sen.;Biržų r. sav. | Širvėnos sen.;3604;207;SEN;3431;1642;1789;263527210;56,12832148;24,75803026;1
255;91;91;Šiaulių r. sav.;Raudėnų sen.;91 | Raudėnų sen.;Šiaulių r. sav. | Raudėnų sen.;9164;318;SEN;1020;499;521;202627463;55,96740550;22,71442094;0
256;47;47;Joniškio r. sav.;Saugėlaukio sen.;47 | Saugėlaukio sen.;Joniškio r. sav. | Saugėlaukio sen.;4751;274;SEN;1108;564;544;72464078;56,24008866;23,70813487;0
257;65;65;Pakruojo r. sav.;Žeimelio sen.;65 | Žeimelio sen.;Pakruojo r. sav. | Žeimelio sen.;6512;291;SEN;1662;808;854;195437638;56,22154493;23,97461954;0
258;39;39;Vilkaviškio r. sav.;Pajevonio sen.;39 | Pajevonio sen.;Vilkaviškio r. sav. | Pajevonio sen.;3956;169;SEN;1104;533;571;120988480;54,51873262;22,82708664;0
259;65;65;Pakruojo r. sav.;Lygumų sen.;65 | Lygumų sen.;Pakruojo r. sav. | Lygumų sen.;6529;293;SEN;1855;893;962;227044310;55,96673879;23,63866049;0
260;61;61;Mažeikių r. sav.;Mažeikių apylinkės sen.;61 | Mažeikių apylinkės s;Mažeikių r. sav. | Mažeikių apylinkės sen.;6119;362;SEN;3343;1660;1683;138118291;56,30181579;22,47106766;1
261;39;39;Vilkaviškio r. sav.;Vilkaviškio miesto sen.;39 | Vilkaviškio miesto s;Vilkaviškio r. sav. | Vilkaviškio miesto sen.;3910;175;SEN;10290;4600;5690;9448138;54,64811529;23,03494539;0
262;52;52;Kauno r. sav.;Samylų sen.;52 | Samylų sen.;Kauno r. sav. | Samylų sen.;5267;75;SEN;4452;2135;2317;77048014;54,83733226;24,08521621;1
263;52;52;Kauno r. sav.;Taurakiemio sen.;52 | Taurakiemio sen.;Kauno r. sav. | Taurakiemio sen.;5272;76;SEN;1661;814;847;72001466;54,75652190;24,10135249;1
264;82;82;Utenos r. sav.;Kuktiškių sen.;82 | Kuktiškių sen.;Utenos r. sav. | Kuktiškių sen.;8223;452;SEN;681;327;354;60942541;55,38770377;25,67158760;0
265;47;47;Joniškio r. sav.;Gataučių sen.;47 | Gataučių sen.;Joniškio r. sav. | Gataučių sen.;4713;268;SEN;1261;604;657;105656820;56,10220074;23,51948376;1
266;91;91;Šiaulių r. sav.;Gruzdžių sen.;91 | Gruzdžių sen.;Šiaulių r. sav. | Gruzdžių sen.;9109;313;SEN;1935;913;1022;176226069;56,07747552;23,22885950;1
267;79;79;Trakų r. sav.;Rūdiškių sen.;79 | Rūdiškių sen.;Trakų r. sav. | Rūdiškių sen.;7981;494;SEN;3300;1591;1709;285671078;54,47878667;24,81213411;0
268;67;67;Pasvalio r. sav.;Vaškų sen.;67 | Vaškų sen.;Pasvalio r. sav. | Vaškų sen.;6706;248;SEN;1963;940;1023;192594937;56,14415135;24,22201344;0
269;87;87;Šilalės r. sav.;Palentinio sen.;87 | Palentinio sen.;Šilalės r. sav. | Palentinio sen.;8741;343;SEN;230;110;120;31064803;55,64740863;22,42580325;1
270;66;66;Panevėžio r. sav.;Krekenavos sen.;66 | Krekenavos sen.;Panevėžio r. sav. | Krekenavos sen.;6630;239;SEN;3526;1741;1785;299020956;55,52691270;24,05149598;1
271;71;71;Radviliškio r. sav.;Radviliškio miesto sen.;71 | Radviliškio miesto s;Radviliškio r. sav. | Radviliškio miesto sen.;7160;1188;SEN;15103;6892;8211;22413551;55,81096474;23,52942948;0
272;36;36;Biržų r. sav.;Biržų miesto sen.;36 | Biržų miesto sen.;Biržų r. sav. | Biržų miesto sen.;3601;214;SEN;10734;4751;5983;15556581;56,17162139;24,76387957;1
273;54;54;Kelmės r. sav.;Užvenčio sen.;54 | Užvenčio sen.;Kelmės r. sav. | Užvenčio sen.;5477;286;SEN;2493;1180;1313;233943875;55,75845667;22,62531967;0
274;41;41;Vilniaus r. sav.;Nemenčinės sen.;41 | Nemenčinės sen.;Vilniaus r. sav. | Nemenčinės sen.;4154;476;SEN;3565;1739;1826;147259572;54,89436516;25,54739709;0
275;43;43;Zarasų r. sav.;Suvieko sen.;43 | Suvieko sen.;Zarasų r. sav. | Suvieko sen.;4362;410;SEN;526;259;267;121229852;55,84507957;26,07247176;0
276;75;75;Skuodo r. sav.;Ylakių sen.;75 | Ylakių sen.;Skuodo r. sav. | Ylakių sen.;7524;139;SEN;2308;1086;1222;217812651;56,25663384;21,86678846;1
277;89;89;Širvintų r. sav.;Jauniūnų sen.;89 | Jauniūnų sen.;Širvintų r. sav. | Jauniūnų sen.;8989;546;SEN;1626;791;835;152504822;54,90651465;25,00406845;0
278;94;94;Jurbarko r. sav.;Jurbarko miesto sen.;94 | Jurbarko miesto sen.;Jurbarko r. sav. | Jurbarko miesto sen.;9494;1916;SEN;10187;4607;5580;14990857;55,07883567;22,74134729;1
279;65;65;Pakruojo r. sav.;Klovainių sen.;65 | Klovainių sen.;Pakruojo r. sav. | Klovainių sen.;6518;292;SEN;2122;1021;1101;179357365;55,93625914;23,97555652;1
280;85;85;Šalčininkų r. sav.;Eišiškių sen.;85 | Eišiškių sen.;Šalčininkų r. sav. | Eišiškių sen.;8580;524;SEN;3805;1777;2028;69492851;54,16073031;25,01832449;0
281;84;84;Šakių r. sav.;Šakių sen.;84 | Šakių sen.;Šakių r. sav. | Šakių sen.;8483;197;SEN;8993;4183;4810;237070231;54,94502052;22,99968644;1
282;91;91;Šiaulių r. sav.;Kuršėnų kaimiškoji sen.;91 | Kuršėnų kaimiškoji s;Šiaulių r. sav. | Kuršėnų kaimiškoji sen.;9132;316;SEN;3466;1739;1727;346274598;55,97754778;22,85075527;1
283;36;36;Biržų r. sav.;Papilio sen.;36 | Papilio sen.;Biržų r. sav. | Papilio sen.;3651;211;SEN;1439;707;732;256493897;56,08251335;25,01574606;1
284;38;38;Varėnos r. sav.;Kaniavos sen.;38 | Kaniavos sen.;Varėnos r. sav. | Kaniavos sen.;3826;20;SEN;1009;495;514;261027640;54,03923045;24,66952396;0
285;13;13;Vilniaus m. sav.;Šeškinės sen.;13 | Šeškinės sen.;Vilniaus m. sav. | Šeškinės sen.;1315;1506;SEN;28137;12517;15620;4575577;54,71255633;25,25204158;0
286;84;84;Šakių r. sav.;Gelgaudiškio sen.;84 | Gelgaudiškio sen.;Šakių r. sav. | Gelgaudiškio sen.;8413;190;SEN;2419;1075;1344;71609962;55,04020081;22,98188374;1
287;13;13;Vilniaus m. sav.;Naujamiesčio sen.;13 | Naujamiesčio sen.;Vilniaus m. sav. | Naujamiesčio sen.;1306;1497;SEN;28154;13057;15097;4908848;54,63845224;25,23373432;0
288;45;45;Ignalinos r. sav.;Ignalinos miesto sen.;45 | Ignalinos miesto sen;Ignalinos r. sav. | Ignalinos miesto sen.;4501;424;SEN;5101;2304;2797;6055360;55,31593380;26,15023983;0
289;13;13;Vilniaus m. sav.;Vilkpėdės sen.;13 | Vilkpėdės sen.;Vilniaus m. sav. | Vilkpėdės sen.;1317;1508;SEN;19325;8664;10661;10757904;54,61966644;25,21898133;0
290;18;18;Marijampolės sav.;Degučių sen.;18 | Degučių sen.;Marijampolės sav. | Degučių sen.;1801;1617;SEN;16210;7744;8466;5892582;54,56080964;23,33207622;1
291;73;73;Rokiškio r. sav.;Panemunėlio sen.;73 | Panemunėlio sen.;Rokiškio r. sav. | Panemunėlio sen.;7331;444;SEN;1094;536;558;114039616;55,88094572;25,40133094;1
292;47;47;Joniškio r. sav.;Žagarės sen.;47 | Žagarės sen.;Joniškio r. sav. | Žagarės sen.;4726;269;SEN;2525;1172;1353;180776369;56,29395521;23,25879409;1
293;84;84;Šakių r. sav.;Kudirkos Naumiesčio sen.;84 | Kudirkos Naumiesčio;Šakių r. sav. | Kudirkos Naumiesčio sen.;8409;189;SEN;2167;1007;1160;74669082;54,83084599;22,84725053;0
294;69;69;Prienų r. sav.;Pakuonio sen.;69 | Pakuonio sen.;Prienų r. sav. | Pakuonio sen.;6961;94;SEN;1501;718;783;99447126;54,69089753;24,02126866;1
295;53;53;Kėdainių r. sav.;Krakių sen.;53 | Krakių sen.;Kėdainių r. sav. | Krakių sen.;5325;221;SEN;2314;1103;1211;233997199;55,37665786;23,67396892;0
296;87;87;Šilalės r. sav.;Traksėdžio sen.;87 | Traksėdžio sen.;Šilalės r. sav. | Traksėdžio sen.;8771;1242;SEN;1540;767;773;86036117;55,50243811;22,10859625;1
297;79;79;Trakų r. sav.;Grendavės sen.;79 | Grendavės sen.;Trakų r. sav. | Grendavės sen.;7927;490;SEN;504;233;271;69732113;54,46213089;24,67781954;0
298;57;57;Kupiškio r. sav.;Alizavos sen.;57 | Alizavos sen.;Kupiškio r. sav. | Alizavos sen.;5711;229;SEN;1376;674;702;186841224;55,93463438;24,93977255;0
299;71;71;Radviliškio r. sav.;Sidabravo sen.;71 | Sidabravo sen.;Radviliškio r. sav. | Sidabravo sen.;7149;305;SEN;1342;651;691;146346694;55,67102176;23,94478029;0
300;94;94;Jurbarko r. sav.;Smalininkų sen.;94 | Smalininkų sen.;Jurbarko r. sav. | Smalininkų sen.;9475;357;SEN;1052;476;576;26474114;55,03309589;22,51725621;0
301;73;73;Rokiškio r. sav.;Pandėlio sen.;73 | Pandėlio sen.;Rokiškio r. sav. | Pandėlio sen.;7329;443;SEN;2322;1106;1216;313128576;56,03456332;25,20673574;1
302;61;61;Mažeikių r. sav.;Reivyčių sen.;61 | Reivyčių sen.;Mažeikių r. sav. | Reivyčių sen.;6124;363;SEN;1674;821;853;111836545;56,34413385;22,31889554;1
303;71;71;Radviliškio r. sav.;Skėmių sen.;71 | Skėmių sen.;Radviliškio r. sav. | Skėmių sen.;7154;306;SEN;971;479;492;80079088;55,55283469;23,79455477;1
304;43;43;Zarasų r. sav.;Turmanto sen.;43 | Turmanto sen.;Zarasų r. sav. | Turmanto sen.;4371;411;SEN;957;453;504;205338628;55,62918150;26,43791342;0
305;36;36;Biržų r. sav.;Pabiržės sen.;36 | Pabiržės sen.;Biržų r. sav. | Pabiržės sen.;3648;210;SEN;1442;683;759;84144003;56,15222670;24,59225844;1
306;45;45;Ignalinos r. sav.;Tverečiaus sen.;45 | Tverečiaus sen.;Ignalinos r. sav. | Tverečiaus sen.;4559;423;SEN;382;192;190;77161145;55,28142194;26,52711260;1
307;45;45;Ignalinos r. sav.;Rimšės sen.;45 | Rimšės sen.;Ignalinos r. sav. | Rimšės sen.;4549;422;SEN;623;302;321;149767336;55,47971004;26,49039667;0
308;41;41;Vilniaus r. sav.;Nemenčinės miesto sen.;41 | Nemenčinės miesto se;Vilniaus r. sav. | Nemenčinės miesto sen.;4101;486;SEN;4831;2229;2602;3860799;54,84785805;25,44751985;1
309;41;41;Vilniaus r. sav.;Paberžės sen.;41 | Paberžės sen.;Vilniaus r. sav. | Paberžės sen.;4160;478;SEN;3185;1516;1669;208854682;54,95259323;25,26723576;1
310;61;61;Mažeikių r. sav.;Šerkšnėnų sen.;61 | Šerkšnėnų sen.;Mažeikių r. sav. | Šerkšnėnų sen.;6168;366;SEN;1561;768;793;151046651;56,21404476;22,18920193;1
311;81;81;Ukmergės r. sav.;Pivonijos sen.;81 | Pivonijos sen.;Ukmergės r. sav. | Pivonijos sen.;8185;511;SEN;1160;571;589;158053346;55,14095771;24,83327638;0
312;43;43;Zarasų r. sav.;Salako sen.;43 | Salako sen.;Zarasų r. sav. | Salako sen.;4348;409;SEN;782;381;401;187386068;55,56695161;26,10725468;1
313;13;13;Vilniaus m. sav.;Žirmūnų sen.;13 | Žirmūnų sen.;Vilniaus m. sav. | Žirmūnų sen.;1319;1510;SEN;43453;19175;24278;5686525;54,71056488;25,29805993;1
314;45;45;Ignalinos r. sav.;Dūkšto sen.;45 | Dūkšto sen.;Ignalinos r. sav. | Dūkšto sen.;4522;416;SEN;1291;592;699;156201611;55,51460199;26,31814774;1
315;55;55;Klaipėdos r. sav.;Dauparų-Kvietinių sen.;55 | Dauparų-Kvietinių se;Klaipėdos r. sav. | Dauparų-Kvietinių sen.;5525;119;SEN;2783;1419;1364;85393418;55,73693107;21,33809414;1
316;59;59;Lazdijų r. sav.;Lazdijų miesto sen.;59 | Lazdijų miesto sen.;Lazdijų r. sav. | Lazdijų miesto sen.;5901;1342;SEN;4016;1866;2150;4219815;54,20924205;23,49885951;0
317;59;59;Lazdijų r. sav.;Lazdijų sen.;59 | Lazdijų sen.;Lazdijų r. sav. | Lazdijų sen.;5940;33;SEN;2413;1165;1248;167751433;54,20637167;23,56924820;1
318;38;38;Varėnos r. sav.;Marcinkonių sen.;38 | Marcinkonių sen.;Varėnos r. sav. | Marcinkonių sen.;3838;21;SEN;1021;486;535;578744252;54,02253950;24,37964889;0
319;66;66;Panevėžio r. sav.;Karsakiškio sen.;66 | Karsakiškio sen.;Panevėžio r. sav. | Karsakiškio sen.;6625;238;SEN;2473;1213;1260;305665373;55,80489807;24,57990263;1
320;75;75;Skuodo r. sav.;Šačių sen.;75 | Šačių sen.;Skuodo r. sav. | Šačių sen.;7580;144;SEN;871;426;445;84293304;56,16889594;21,69731726;0
321;66;66;Panevėžio r. sav.;Paįstrio sen.;66 | Paįstrio sen.;Panevėžio r. sav. | Paįstrio sen.;6695;2116;SEN;2388;1198;1190;163870133;55,83324881;24,32801855;1
322;67;67;Pasvalio r. sav.;Pumpėnų sen.;67 | Pumpėnų sen.;Pasvalio r. sav. | Pumpėnų sen.;6752;253;SEN;1989;961;1028;151660652;55,93783129;24,40202372;1
323;52;52;Kauno r. sav.;Kulautuvos sen.;52 | Kulautuvos sen.;Kauno r. sav. | Kulautuvos sen.;5241;82;SEN;1393;651;742;9467954;54,90304932;23,62612674;0
324;13;13;Vilniaus m. sav.;Senamiesčio sen.;13 | Senamiesčio sen.;Vilniaus m. sav. | Senamiesčio sen.;1314;1505;SEN;21780;10282;11498;4399048;54,64122080;25,28514245;1
325;13;13;Vilniaus m. sav.;Pilaitės sen.;13 | Pilaitės sen.;Vilniaus m. sav. | Pilaitės sen.;1311;1502;SEN;28234;13281;14953;13902875;54,69716779;25,13465815;1
326;53;53;Kėdainių r. sav.;Kėdainių miesto sen.;53 | Kėdainių miesto sen.;Kėdainių r. sav. | Kėdainių miesto sen.;5301;227;SEN;24547;11034;13513;91746692;55,27963248;23,91418314;1
327;53;53;Kėdainių r. sav.;Pelėdnagių sen.;53 | Pelėdnagių sen.;Kėdainių r. sav. | Pelėdnagių sen.;5349;222;SEN;3467;1647;1820;183108576;55,18494899;24,00366839;1
328;47;47;Joniškio r. sav.;Joniškio sen.;47 | Joniškio sen.;Joniškio r. sav. | Joniškio sen.;4760;277;SEN;10009;4497;5512;106804371;56,19892974;23,52292242;1
329;91;91;Šiaulių r. sav.;Bubių sen.;91 | Bubių sen.;Šiaulių r. sav. | Bubių sen.;9107;312;SEN;3098;1526;1572;225252186;55,82275960;23,06595458;0
330;91;91;Šiaulių r. sav.;Kužių sen.;91 | Kužių sen.;Šiaulių r. sav. | Kužių sen.;9120;315;SEN;3330;1622;1708;184467854;55,94870165;23,10661525;0
331;42;42;Elektrėnų sav.;Pastrėvio sen.;42 | Pastrėvio sen.;Elektrėnų sav. | Pastrėvio sen.;4216;1220;SEN;641;321;320;56747217;54,71311585;24,71253447;0
332;69;69;Prienų r. sav.;Prienų sen.;69 | Prienų sen.;Prienų r. sav. | Prienų sen.;6901;97;SEN;9697;4403;5294;81148806;54,63976801;24,01233624;0
333;62;62;Molėtų r. sav.;Joniškio sen.;62 | Joniškio sen.;Molėtų r. sav. | Joniškio sen.;6250;433;SEN;978;468;510;129290679;55,06940920;25,62646770;1
334;32;32;Akmenės r. sav.;Naujosios Akmenės kaimiškoji sen.;32 | Naujosios Akmenės ka;Akmenės r. sav. | Naujosios Akmenės kaimiškoji sen.;3245;264;SEN;1803;902;901;236080231;56,28475575;22,82585994;1
335;32;32;Akmenės r. sav.;Papilės sen.;32 | Papilės sen.;Akmenės r. sav. | Papilės sen.;3249;265;SEN;2455;1210;1245;236794398;56,12163153;22,75479347;0
336;65;65;Pakruojo r. sav.;Guostagalio sen.;65 | Guostagalio sen.;Pakruojo r. sav. | Guostagalio sen.;6504;290;SEN;1038;516;522;103433278;56,12001059;24,07842413;1
337;65;65;Pakruojo r. sav.;Linkuvos sen.;65 | Linkuvos sen.;Pakruojo r. sav. | Linkuvos sen.;6536;294;SEN;2687;1290;1397;169908290;56,08384269;23,92369331;0
338;39;39;Vilkaviškio r. sav.;Kybartų sen.;39 | Kybartų sen.;Vilkaviškio r. sav. | Kybartų sen.;3942;168;SEN;6026;2861;3165;156921269;54,65248224;22,78405447;1
339;33;33;Alytaus r. sav.;Daugų sen.;33 | Daugų sen.;Alytaus r. sav. | Daugų sen.;3317;8;SEN;2725;1258;1467;173060203;54,33111778;24,30844148;0
340;33;33;Alytaus r. sav.;Miroslavo sen.;33 | Miroslavo sen.;Alytaus r. sav. | Miroslavo sen.;3338;10;SEN;2798;1371;1427;163458856;54,30974896;23,85220510;1
341;34;34;Anykščių r. sav.;Debeikių sen.;34 | Debeikių sen.;Anykščių r. sav. | Debeikių sen.;3418;396;SEN;1458;737;721;163396056;55,57321234;25,29086558;1
342;67;67;Pasvalio r. sav.;Joniškėlio apylinkių sen.;67 | Joniškėlio apylinkių;Pasvalio r. sav. | Joniškėlio apylinkių sen.;6724;250;SEN;2080;1015;1065;191959179;56,01939496;24,12849794;1
343;57;57;Kupiškio r. sav.;Šimonių sen.;57 | Šimonių sen.;Kupiškio r. sav. | Šimonių sen.;5795;232;SEN;1291;601;690;232808388;55,73712541;25,15758593;1
344;34;34;Anykščių r. sav.;Svėdasų sen.;34 | Svėdasų sen.;Anykščių r. sav. | Svėdasų sen.;3442;399;SEN;1761;843;918;196727381;55,66498906;25,35902256;0
345;75;75;Skuodo r. sav.;Skuodo sen.;75 | Skuodo sen.;Skuodo r. sav. | Skuodo sen.;7579;143;SEN;2325;1090;1235;154399227;56,20483285;21,52467068;0
346;52;52;Kauno r. sav.;Karmėlavos sen.;52 | Karmėlavos sen.;Kauno r. sav. | Karmėlavos sen.;5233;71;SEN;6265;2931;3334;43855408;54,93364879;24,03493102;1
347;68;68;Plungės r. sav.;Kulių sen.;68 | Kulių sen.;Plungės r. sav. | Kulių sen.;6837;372;SEN;962;462;500;122732400;55,79034087;21,63341048;0
348;56;56;Kretingos r. sav.;Kūlupėnų sen.;56 | Kūlupėnų sen.;Kretingos r. sav. | Kūlupėnų sen.;5656;132;SEN;1407;663;744;69039260;55,96426319;21,46042263;1
349;68;68;Plungės r. sav.;Nausodžio sen.;68 | Nausodžio sen.;Plungės r. sav. | Nausodžio sen.;6855;373;SEN;3695;1786;1909;112304322;55,85065352;21,72735321;0
350;68;68;Plungės r. sav.;Platelių sen.;68 | Platelių sen.;Plungės r. sav. | Platelių sen.;6866;375;SEN;1583;759;824;141637833;56,02854017;21,77536379;1
351;87;87;Šilalės r. sav.;Didkiemio sen.;87 | Didkiemio sen.;Šilalės r. sav. | Didkiemio sen.;8707;342;SEN;233;108;125;44312521;55,39658928;22,14880667;0
352;88;88;Šilutės r. sav.;Vainuto sen.;88 | Vainuto sen.;Šilutės r. sav. | Vainuto sen.;8806;147;SEN;1736;822;914;151481156;55,35423765;21,88435067;0
353;67;67;Pasvalio r. sav.;Krinčino sen.;67 | Krinčino sen.;Pasvalio r. sav. | Krinčino sen.;6738;251;SEN;1591;738;853;128853540;56,07034462;24,54697940;0
354;36;36;Biržų r. sav.;Vabalninko sen.;36 | Vabalninko sen.;Biržų r. sav. | Vabalninko sen.;3609;208;SEN;2293;1076;1217;247105134;55,97558256;24,72540138;1
355;77;77;Tauragės r. sav.;Mažonų sen.;77 | Mažonų sen.;Tauragės r. sav. | Mažonų sen.;7757;330;SEN;2732;1308;1424;221189218;55,33866364;22,29366874;1
356;66;66;Panevėžio r. sav.;Upytės sen.;66 | Upytės sen.;Panevėžio r. sav. | Upytės sen.;6690;246;SEN;1301;626;675;115352028;55,60134347;24,21924053;0
357;66;66;Panevėžio r. sav.;Ramygalos sen.;66 | Ramygalos sen.;Panevėžio r. sav. | Ramygalos sen.;6664;244;SEN;2871;1383;1488;237309947;55,49106093;24,31360691;1
358;71;71;Radviliškio r. sav.;Tyrulių sen.;71 | Tyrulių sen.;Radviliškio r. sav. | Tyrulių sen.;7187;310;SEN;610;287;323;87716032;55,74917519;23,34300637;0
359;66;66;Panevėžio r. sav.;Velžio sen.;66 | Velžio sen.;Panevėžio r. sav. | Velžio sen.;6616;237;SEN;6758;3256;3502;147363232;55,59842793;24,44256815;0
360;66;66;Panevėžio r. sav.;Panevėžio sen.;66 | Panevėžio sen.;Panevėžio r. sav. | Panevėžio sen.;6647;242;SEN;7580;3687;3893;169584854;55,74897986;24,23399200;0
361;91;91;Šiaulių r. sav.;Šiaulių kaimiškoji sen.;91 | Šiaulių kaimiškoji s;Šiaulių r. sav. | Šiaulių kaimiškoji sen.;9193;320;SEN;8016;3959;4057;243527413;55,89127642;23,20202392;0
362;66;66;Panevėžio r. sav.;Raguvos sen.;66 | Raguvos sen.;Panevėžio r. sav. | Raguvos sen.;6661;243;SEN;1243;593;650;94726178;55,50635640;24,59650668;1
363;66;66;Panevėžio r. sav.;Miežiškių sen.;66 | Miežiškių sen.;Panevėžio r. sav. | Miežiškių sen.;6637;240;SEN;2008;994;1014;209083362;55,66377567;24,58623672;1
364;57;57;Kupiškio r. sav.;Subačiaus sen.;57 | Subačiaus sen.;Kupiškio r. sav. | Subačiaus sen.;5785;234;SEN;1659;773;886;116921099;55,75456196;24,76673142;0
365;57;57;Kupiškio r. sav.;Kupiškio sen.;57 | Kupiškio sen.;Kupiškio r. sav. | Kupiškio sen.;5719;233;SEN;3020;1420;1600;240866494;55,85449167;24,92627272;0
366;72;72;Raseinių r. sav.;Kalnujų sen.;72 | Kalnujų sen.;Raseinių r. sav. | Kalnujų sen.;7245;103;SEN;834;416;418;75353216;55,27810170;23,04649558;1
367;72;72;Raseinių r. sav.;Viduklės sen.;72 | Viduklės sen.;Raseinių r. sav. | Viduklės sen.;7219;101;SEN;2951;1390;1561;175220361;55,38075563;22,86647530;1
368;52;52;Kauno r. sav.;Babtų sen.;52 | Babtų sen.;Kauno r. sav. | Babtų sen.;5207;65;SEN;3851;1836;2015;192151757;55,07910494;23,77250508;0
369;52;52;Kauno r. sav.;Vilkijos apylinkių sen.;52 | Vilkijos apylinkių s;Kauno r. sav. | Vilkijos apylinkių sen.;5218;67;SEN;1969;940;1029;123870690;55,06006593;23,53727591;1
370;52;52;Kauno r. sav.;Vilkijos sen.;52 | Vilkijos sen.;Kauno r. sav. | Vilkijos sen.;5219;83;SEN;1761;809;952;3049362;55,00225615;23,54778582;0
371;94;94;Jurbarko r. sav.;Girdžių sen.;94 | Girdžių sen.;Jurbarko r. sav. | Girdžių sen.;9435;349;SEN;927;432;495;125478531;55,17933349;22,80801471;0
372;94;94;Jurbarko r. sav.;Jurbarkų sen.;94 | Jurbarkų sen.;Jurbarko r. sav. | Jurbarkų sen.;9497;356;SEN;2581;1273;1308;291070097;55,12326273;22,64885593;1
373;94;94;Jurbarko r. sav.;Šimkaičių sen.;94 | Šimkaičių sen.;Jurbarko r. sav. | Šimkaičių sen.;9480;353;SEN;1561;733;828;205430375;55,20320565;23,00063786;0
374;52;52;Kauno r. sav.;Batniavos sen.;52 | Batniavos sen.;Kauno r. sav. | Batniavos sen.;5210;1716;SEN;1168;543;625;45139546;54,96805619;23,63433298;0
375;49;49;Kaišiadorių r. sav.;Žiežmarių sen.;49 | Žiežmarių sen.;Kaišiadorių r. sav. | Žiežmarių sen.;4915;1198;SEN;3158;1489;1669;5194333;54,76350252;24,41043476;0
376;49;49;Kaišiadorių r. sav.;Žiežmarių apylinkės sen.;49 | Žiežmarių apylinkės;Kaišiadorių r. sav. | Žiežmarių apylinkės sen.;4913;55;SEN;2690;1302;1388;187341690;54,75362018;24,45950806;1
377;63;63;Pagėgių sav.;Natkiškių sen.;63 | Natkiškių sen.;Pagėgių sav. | Natkiškių sen.;6361;1238;SEN;654;323;331;52089973;55,22515017;21,91331853;1
378;53;53;Kėdainių r. sav.;Gudžiūnų sen.;53 | Gudžiūnų sen.;Kėdainių r. sav. | Gudžiūnų sen.;5305;217;SEN;1292;635;657;112110609;55,48538102;23,82247036;0
379;53;53;Kėdainių r. sav.;Truskavos sen.;53 | Truskavos sen.;Kėdainių r. sav. | Truskavos sen.;5370;225;SEN;969;463;506;133913177;55,38337127;24,22561341;0
380;53;53;Kėdainių r. sav.;Vilainių sen.;53 | Vilainių sen.;Kėdainių r. sav. | Vilainių sen.;5302;216;SEN;3090;1444;1646;198296984;55,32528625;24,07997015;0
381;62;62;Molėtų r. sav.;Balninkų sen.;62 | Balninkų sen.;Molėtų r. sav. | Balninkų sen.;6213;428;SEN;735;365;370;103199843;55,28580298;25,15958219;0
382;88;88;Šilutės r. sav.;Katyčių sen.;88 | Katyčių sen.;Šilutės r. sav. | Katyčių sen.;8840;159;SEN;814;409;405;60734588;55,24390724;21,81113589;0
383;58;58;Kazlų Rūdos sav.;Plutiškių sen.;58 | Plutiškių sen.;Kazlų Rūdos sav. | Plutiškių sen.;5833;1205;SEN;585;298;287;30555027;54,65439916;23,60708596;0
384;88;88;Šilutės r. sav.;Rusnės sen.;88 | Rusnės sen.;Šilutės r. sav. | Rusnės sen.;8866;157;SEN;1357;636;721;55272568;55,28477759;21,30455717;0
385;88;88;Šilutės r. sav.;Gardamo sen.;88 | Gardamo sen.;Šilutės r. sav. | Gardamo sen.;8813;149;SEN;1495;706;789;135566062;55,41134220;21,69976696;1
386;88;88;Šilutės r. sav.;Šilutės sen.;88 | Šilutės sen.;Šilutės r. sav. | Šilutės sen.;8801;158;SEN;20863;9676;11187;161035805;55,30788952;21,48436930;0
387;58;58;Kazlų Rūdos sav.;Kazlų Rūdos sen.;58 | Kazlų Rūdos sen.;Kazlų Rūdos sav. | Kazlų Rūdos sen.;5832;1204;SEN;3279;1655;1624;339219365;54,76650483;23,49946572;1
388;18;18;Marijampolės sav.;Sasnavos sen.;18 | Sasnavos sen.;Marijampolės sav. | Sasnavos sen.;1867;1232;SEN;2925;1430;1495;132093774;54,61959088;23,47496074;1
389;33;33;Alytaus r. sav.;Punios sen.;33 | Punios sen.;Alytaus r. sav. | Punios sen.;3353;13;SEN;2362;1174;1188;92693876;54,46127953;24,11387482;1
390;52;52;Kauno r. sav.;Akademijos sen.;52 | Akademijos sen.;Kauno r. sav. | Akademijos sen.;5290;1170;SEN;2928;1383;1545;4643386;54,85532794;23,79079446;0
391;49;49;Kaišiadorių r. sav.;Rumšiškių sen.;49 | Rumšiškių sen.;Kaišiadorių r. sav. | Rumšiškių sen.;4952;62;SEN;3802;1857;1945;116073440;54,84293961;24,23871434;0
392;49;49;Kaišiadorių r. sav.;Pravieniškių sen.;49 | Pravieniškių sen.;Kaišiadorių r. sav. | Pravieniškių sen.;4953;1235;SEN;3235;2550;685;39212112;54,92163226;24,21175959;0
393;52;52;Kauno r. sav.;Užliedžių sen.;52 | Užliedžių sen.;Kauno r. sav. | Užliedžių sen.;5277;77;SEN;6481;3120;3361;42108359;54,96554953;23,82146166;0
394;42;42;Elektrėnų sav.;Elektrėnų sen.;42 | Elektrėnų sen.;Elektrėnų sav. | Elektrėnų sen.;4215;1214;SEN;12243;5724;6519;47091919;54,75400933;24,67208697;1
395;49;49;Kaišiadorių r. sav.;Žaslių sen.;49 | Žaslių sen.;Kaišiadorių r. sav. | Žaslių sen.;4909;54;SEN;1839;879;960;112147072;54,86952346;24,59969563;1
396;49;49;Kaišiadorių r. sav.;Palomenės sen.;49 | Palomenės sen.;Kaišiadorių r. sav. | Palomenės sen.;4942;60;SEN;1609;753;856;198052351;54,92404160;24,40986885;1
397;49;49;Kaišiadorių r. sav.;Kaišiadorių apylinkės sen.;49 | Kaišiadorių apylinkė;Kaišiadorių r. sav. | Kaišiadorių apylinkės sen.;4921;56;SEN;1889;883;1006;54498034;54,87227200;24,48984650;0
398;54;54;Kelmės r. sav.;Pakražančio sen.;54 | Pakražančio sen.;Kelmės r. sav. | Pakražančio sen.;5456;284;SEN;1663;810;853;161076309;55,51485426;22,75204158;0
399;89;89;Širvintų r. sav.;Gelvonų sen.;89 | Gelvonų sen.;Širvintų r. sav. | Gelvonų sen.;8923;541;SEN;1035;508;527;120763902;55,03272443;24,69377758;0
400;34;34;Anykščių r. sav.;Skiemonių sen.;34 | Skiemonių sen.;Anykščių r. sav. | Skiemonių sen.;3449;400;SEN;880;436;444;155910752;55,45395834;25,16086217;0
401;91;91;Šiaulių r. sav.;Kairių sen.;91 | Kairių sen.;Šiaulių r. sav. | Kairių sen.;9113;314;SEN;3021;1451;1570;93809759;55,90809123;23,45993639;1
402;82;82;Utenos r. sav.;Užpalių sen.;82 | Užpalių sen.;Utenos r. sav. | Užpalių sen.;8276;457;SEN;1439;682;757;175263215;55,64680673;25,57311539;1
403;73;73;Rokiškio r. sav.;Kamajų sen.;73 | Kamajų sen.;Rokiškio r. sav. | Kamajų sen.;7315;440;SEN;1669;789;880;231298574;55,78469246;25,45667169;0
404;62;62;Molėtų r. sav.;Luokesos sen.;62 | Luokesos sen.;Molėtų r. sav. | Luokesos sen.;6258;434;SEN;1208;590;618;98235294;55,20272901;25,35761455;1
405;74;74;Rietavo sav.;Daugėdų sen.;74 | Daugėdų sen.;Rietavo sav. | Daugėdų sen.;7483;1227;SEN;327;160;167;20282658;55,79632599;21,91890597;0
406;71;71;Radviliškio r. sav.;Šaukoto sen.;71 | Šaukoto sen.;Radviliškio r. sav. | Šaukoto sen.;7172;307;SEN;792;390;402;147601694;55,56152557;23,41147468;0
407;87;87;Šilalės r. sav.;Tenenių sen.;87 | Tenenių sen.;Šilalės r. sav. | Tenenių sen.;8749;344;SEN;410;211;199;42569742;55,44415260;21,89180607;0
408;34;34;Anykščių r. sav.;Kurklių sen.;34 | Kurklių sen.;Anykščių r. sav. | Kurklių sen.;3426;398;SEN;1015;480;535;145201647;55,39014093;25,07510215;0
409;38;38;Varėnos r. sav.;Jakėnų sen.;38 | Jakėnų sen.;Varėnos r. sav. | Jakėnų sen.;3879;25;SEN;957;461;496;149284383;54,34456421;24,60888049;0
410;34;34;Anykščių r. sav.;Troškūnų sen.;34 | Troškūnų sen.;Anykščių r. sav. | Troškūnų sen.;3469;402;SEN;2214;1037;1177;276321682;55,59853966;24,81696440;1
411;79;79;Trakų r. sav.;Onuškio sen.;79 | Onuškio sen.;Trakų r. sav. | Onuškio sen.;7969;492;SEN;1438;678;760;198457333;54,46981918;24,52071254;1
412;69;69;Prienų r. sav.;Šilavoto sen.;69 | Šilavoto sen.;Prienų r. sav. | Šilavoto sen.;6984;96;SEN;1440;681;759;102181107;54,63105831;23,74994652;1
413;33;33;Alytaus r. sav.;Simno sen.;33 | Simno sen.;Alytaus r. sav. | Simno sen.;3380;15;SEN;3148;1546;1602;195626203;54,40051009;23,62257161;0
414;78;78;Telšių r. sav.;Žarėnų sen.;78 | Žarėnų sen.;Telšių r. sav. | Žarėnų sen.;7829;386;SEN;834;403;431;105021802;55,81602878;22,21661526;1
415;46;46;Jonavos r. sav.;Kulvos sen.;46 | Kulvos sen.;Jonavos r. sav. | Kulvos sen.;4635;48;SEN;1863;933;930;109024329;55,07352189;24,14513154;0
416;68;68;Plungės r. sav.;Šateikių sen.;68 | Šateikių sen.;Plungės r. sav. | Šateikių sen.;6895;379;SEN;2055;1033;1022;134178189;55,93596700;21,66328442;1
417;49;49;Kaišiadorių r. sav.;Kruonio sen.;49 | Kruonio sen.;Kaišiadorių r. sav. | Kruonio sen.;4937;58;SEN;2297;1113;1184;223232887;54,71980480;24,22231168;0
418;78;78;Telšių r. sav.;Viešvėnų sen.;78 | Viešvėnų sen.;Telšių r. sav. | Viešvėnų sen.;7815;383;SEN;2181;1094;1087;114737381;55,89930961;22,34027651;1
419;69;69;Prienų r. sav.;Balbieriškio sen.;69 | Balbieriškio sen.;Prienų r. sav. | Balbieriškio sen.;6908;88;SEN;2390;1164;1226;132772915;54,51047693;23,84523171;0
420;33;33;Alytaus r. sav.;Krokialaukio sen.;33 | Krokialaukio sen.;Alytaus r. sav. | Krokialaukio sen.;3330;9;SEN;1788;857;931;110234180;54,40251335;23,80615859;0
421;85;85;Šalčininkų r. sav.;Šalčininkų sen.;85 | Šalčininkų sen.;Šalčininkų r. sav. | Šalčininkų sen.;8575;523;SEN;9533;4448;5085;137371358;54,32833949;25,39081763;0
422;81;81;Ukmergės r. sav.;Vidiškių sen.;81 | Vidiškių sen.;Ukmergės r. sav. | Vidiškių sen.;8112;502;SEN;2361;1152;1209;83594952;55,28750979;24,79633670;1
423;85;85;Šalčininkų r. sav.;Akmenynės sen.;85 | Akmenynės sen.;Šalčininkų r. sav. | Akmenynės sen.;8505;514;SEN;652;319;333;62133254;54,34676530;25,51352695;0
424;59;59;Lazdijų r. sav.;Veisiejų sen.;59 | Veisiejų sen.;Lazdijų r. sav. | Veisiejų sen.;9498;700;SEN;3196;1501;1695;252672785;54,07449742;23,70203599;1
425;47;47;Joniškio r. sav.;Kepalių sen.;47 | Kepalių sen.;Joniškio r. sav. | Kepalių sen.;4735;271;SEN;1413;700;713;92638026;56,15969335;23,63498298;1
426;52;52;Kauno r. sav.;Neveronių sen.;52 | Neveronių sen.;Kauno r. sav. | Neveronių sen.;5247;84;SEN;3094;1484;1610;9833353;54,93039621;24,08571789;1
427;82;82;Utenos r. sav.;Saldutiškio sen.;82 | Saldutiškio sen.;Utenos r. sav. | Saldutiškio sen.;8248;454;SEN;703;324;379;116197878;55,33297697;25,82246934;1
428;45;45;Ignalinos r. sav.;Linkmenų sen.;45 | Linkmenų sen.;Ignalinos r. sav. | Linkmenų sen.;4534;419;SEN;762;372;390;130716355;55,30787558;25,97065584;0
429;38;38;Varėnos r. sav.;Varėnos sen.;38 | Varėnos sen.;Varėnos r. sav. | Varėnos sen.;3808;18;SEN;11083;5076;6007;353739052;54,25913181;24,45261944;0
430;52;52;Kauno r. sav.;Alšėnų sen.;52 | Alšėnų sen.;Kauno r. sav. | Alšėnų sen.;5203;64;SEN;3952;1926;2026;85804287;54,82537786;23,71462261;1
431;38;38;Varėnos r. sav.;Merkinės sen.;38 | Merkinės sen.;Varėnos r. sav. | Merkinės sen.;3847;23;SEN;2553;1201;1352;391940779;54,14397571;24,16354815;0
432;33;33;Alytaus r. sav.;Alovės sen.;33 | Alovės sen.;Alytaus r. sav. | Alovės sen.;3302;6;SEN;3112;1523;1589;123204273;54,34628637;24,14964215;1
433;82;82;Utenos r. sav.;Utenos miesto sen.;82 | Utenos miesto sen.;Utenos r. sav. | Utenos miesto sen.;8201;1516;SEN;25344;11476;13868;22506077;55,47046154;25,60497024;1
434;82;82;Utenos r. sav.;Utenos sen.;82 | Utenos sen.;Utenos r. sav. | Utenos sen.;8274;458;SEN;1995;987;1008;139723263;55,47238829;25,66451509;1
435;52;52;Kauno r. sav.;Domeikavos sen.;52 | Domeikavos sen.;Kauno r. sav. | Domeikavos sen.;5226;69;SEN;9133;4394;4739;46691312;54,98267557;23,92743454;0
436;19;19;Kauno m. sav.;Šilainių sen.;19 | Šilainių sen.;Kauno m. sav. | Šilainių sen.;1911;1402;SEN;55125;25286;29839;23347691;54,92449890;23,82689992;0
437;77;77;Tauragės r. sav.;Žygaičių sen.;77 | Žygaičių sen.;Tauragės r. sav. | Žygaičių sen.;7737;326;SEN;2032;992;1040;219952785;55,27958210;22,04080735;0
438;87;87;Šilalės r. sav.;Pajūrio sen.;87 | Pajūrio sen.;Šilalės r. sav. | Pajūrio sen.;8736;336;SEN;1758;872;886;104170567;55,43324061;22,01681743;0
439;38;38;Varėnos r. sav.;Vydenių sen.;38 | Vydenių sen.;Varėnos r. sav. | Vydenių sen.;3813;19;SEN;1109;537;572;147746305;54,15633851;24,68595862;1
440;68;68;Plungės r. sav.;Paukštakių sen.;68 | Paukštakių sen.;Plungės r. sav. | Paukštakių sen.;6860;374;SEN;1034;511;523;91569670;55,95397095;21,95653105;1
441;68;68;Plungės r. sav.;Babrungo sen.;68 | Babrungo sen.;Plungės r. sav. | Babrungo sen.;6809;369;SEN;2123;1038;1085;93676233;55,94013736;21,84290412;0
442;67;67;Pasvalio r. sav.;Pušaloto sen.;67 | Pušaloto sen.;Pasvalio r. sav. | Pušaloto sen.;6754;254;SEN;1348;623;725;142857542;55,89990522;24,17511272;1
443;77;77;Tauragės r. sav.;Tauragės sen.;77 | Tauragės sen.;Tauragės r. sav. | Tauragės sen.;7794;329;SEN;4689;2292;2397;167337813;55,19926761;22,23159598;0
444;91;91;Šiaulių r. sav.;Šakynos sen.;91 | Šakynos sen.;Šiaulių r. sav. | Šakynos sen.;9182;319;SEN;1040;498;542;143241890;56,13524780;23,07859689;1
445;94;94;Jurbarko r. sav.;Seredžiaus sen.;94 | Seredžiaus sen.;Jurbarko r. sav. | Seredžiaus sen.;9469;352;SEN;1906;869;1037;138906812;55,12127102;23,37734668;0
446;52;52;Kauno r. sav.;Garliavos sen.;52 | Garliavos sen.;Kauno r. sav. | Garliavos sen.;5223;80;SEN;10371;4727;5644;5225911;54,78605822;23,86660935;1
447;68;68;Plungės r. sav.;Stalgėnų sen.;68 | Stalgėnų sen.;Plungės r. sav. | Stalgėnų sen.;6883;377;SEN;836;411;425;82700871;55,80918474;21,84333374;1
448;56;56;Kretingos r. sav.;Salantų miesto sen.;56 | Salantų miesto sen.;Kretingos r. sav. | Salantų miesto sen.;5610;135;SEN;1272;552;720;3197118;56,03700339;21,55177631;0
449;56;56;Kretingos r. sav.;Kretingos sen.;56 | Kretingos sen.;Kretingos r. sav. | Kretingos sen.;5651;133;SEN;4849;2305;2544;144688071;55,91892961;21,25342393;1
450;59;59;Lazdijų r. sav.;Kučiūnų sen.;59 | Kučiūnų sen.;Lazdijų r. sav. | Kučiūnų sen.;5937;32;SEN;642;331;311;63694283;54,11701693;23,51310552;1
451;82;82;Utenos r. sav.;Daugailių sen.;82 | Daugailių sen.;Utenos r. sav. | Daugailių sen.;8212;451;SEN;1139;579;560;153770417;55,55218264;25,81636794;1
452;33;33;Alytaus r. sav.;Raitininkų sen.;33 | Raitininkų sen.;Alytaus r. sav. | Raitininkų sen.;3359;14;SEN;748;370;378;112467587;54,21282058;24,03161519;1
453;56;56;Kretingos r. sav.;Imbarės sen.;56 | Imbarės sen.;Kretingos r. sav. | Imbarės sen.;5634;130;SEN;1689;849;840;149141929;56,03515319;21,62218453;1
454;72;72;Raseinių r. sav.;Ariogalos sen.;72 | Ariogalos sen.;Raseinių r. sav. | Ariogalos sen.;7209;99;SEN;2710;1311;1399;295830405;55,28081236;23,45967439;0
455;72;72;Raseinių r. sav.;Pagojukų sen.;72 | Pagojukų sen.;Raseinių r. sav. | Pagojukų sen.;7262;105;SEN;1215;579;636;159255642;55,43895243;23,38239282;0
456;72;72;Raseinių r. sav.;Raseinių sen.;72 | Raseinių sen.;Raseinių r. sav. | Raseinių sen.;7284;107;SEN;2881;1381;1500;147851453;55,39315735;23,15351226;1
457;59;59;Lazdijų r. sav.;Noragėlių sen.;59 | Noragėlių sen.;Lazdijų r. sav. | Noragėlių sen.;5950;35;SEN;776;385;391;63029805;54,20476000;23,91311512;0
458;49;49;Kaišiadorių r. sav.;Kaišiadorių miesto sen.;49 | Kaišiadorių miesto s;Kaišiadorių r. sav. | Kaišiadorių miesto sen.;4917;1199;SEN;8378;3796;4582;15056660;54,82751334;24,43114446;0
459;54;54;Kelmės r. sav.;Tytuvėnų apylinkių sen.;54 | Tytuvėnų apylinkių s;Kelmės r. sav. | Tytuvėnų apylinkių sen.;5475;1169;SEN;2415;1205;1210;286539465;55,61800881;23,17853357;1
460;59;59;Lazdijų r. sav.;Šventežerio sen.;59 | Šventežerio sen.;Lazdijų r. sav. | Šventežerio sen.;5979;38;SEN;1521;766;755;130976786;54,24608680;23,63878626;0
461;49;49;Kaišiadorių r. sav.;Paparčių sen.;49 | Paparčių sen.;Kaišiadorių r. sav. | Paparčių sen.;4946;61;SEN;573;274;299;76734196;54,85404790;24,71048839;1
462;67;67;Pasvalio r. sav.;Pasvalio apylinkių sen.;67 | Pasvalio apylinkių s;Pasvalio r. sav. | Pasvalio apylinkių sen.;6749;252;SEN;2773;1336;1437;136381318;56,02977486;24,42892655;1
463;67;67;Pasvalio r. sav.;Pasvalio miesto sen.;67 | Pasvalio miesto sen.;Pasvalio r. sav. | Pasvalio miesto sen.;6701;256;SEN;6455;2901;3554;7593125;56,03943242;24,37856047;1
464;12;12;Birštono sav.;Birštono sen.;12 | Birštono sen.;Birštono sav. | Birštono sen.;1201;1517;SEN;1056;499;557;106411989;54,52155868;24,02326220;1
465;54;54;Kelmės r. sav.;Šaukėnų sen.;54 | Šaukėnų sen.;Kelmės r. sav. | Šaukėnų sen.;5480;287;SEN;1875;883;992;250128536;55,77850209;22,85371232;1
466;69;69;Prienų r. sav.;Išlaužo sen.;69 | Išlaužo sen.;Prienų r. sav. | Išlaužo sen.;6935;92;SEN;1565;755;810;65501217;54,69147629;23,87625125;1
467;87;87;Šilalės r. sav.;Žadeikių sen.;87 | Žadeikių sen.;Šilalės r. sav. | Žadeikių sen.;8777;345;SEN;666;329;337;67514723;55,57084401;22,08577654;1
468;87;87;Šilalės r. sav.;Kvėdarnos sen.;87 | Kvėdarnos sen.;Šilalės r. sav. | Kvėdarnos sen.;8715;334;SEN;2898;1408;1490;140258236;55,53138520;21,92079575;1
469;72;72;Raseinių r. sav.;Nemakščių sen.;72 | Nemakščių sen.;Raseinių r. sav. | Nemakščių sen.;7251;104;SEN;1520;712;808;132579746;55,42745149;22,76662799;1
470;32;32;Akmenės r. sav.;Akmenės sen.;32 | Akmenės sen.;Akmenės r. sav. | Akmenės sen.;3204;261;SEN;3562;1679;1883;190556564;56,25955002;22,67828965;0
471;19;19;Kauno m. sav.;Panemunės sen.;19 | Panemunės sen.;Kauno m. sav. | Panemunės sen.;1907;1398;SEN;14886;6794;8092;24770193;54,81739406;23,94677894;0
472;52;52;Kauno r. sav.;Garliavos apylinkių sen.;52 | Garliavos apylinkių;Kauno r. sav. | Garliavos apylinkių sen.;5221;68;SEN;7751;3746;4005;82255902;54,76649176;23,83378133;0
473;62;62;Molėtų r. sav.;Giedraičių sen.;62 | Giedraičių sen.;Molėtų r. sav. | Giedraičių sen.;6230;430;SEN;1651;819;832;174311847;55,09993588;25,26490309;1
474;55;55;Klaipėdos r. sav.;Vėžaičių sen.;55 | Vėžaičių sen.;Klaipėdos r. sav. | Vėžaičių sen.;5513;117;SEN;3986;1948;2038;204895983;55,70428358;21,50366974;0
475;78;78;Telšių r. sav.;Tryškių sen.;78 | Tryškių sen.;Telšių r. sav. | Tryškių sen.;7874;390;SEN;2154;1035;1119;190553682;56,01720095;22,53686723;0
476;78;78;Telšių r. sav.;Upynos sen.;78 | Upynos sen.;Telšių r. sav. | Upynos sen.;7881;391;SEN;1456;698;758;103277922;55,90152166;22,59599243;0
477;61;61;Mažeikių r. sav.;Židikų sen.;61 | Židikų sen.;Mažeikių r. sav. | Židikų sen.;6107;360;SEN;1831;894;937;219535548;56,33058861;22,05525558;0
478;72;72;Raseinių r. sav.;Raseinių miesto sen.;72 | Raseinių miesto sen.;Raseinių r. sav. | Raseinių miesto sen.;7201;109;SEN;9865;4427;5438;8511519;55,36015384;23,09998390;1
479;78;78;Telšių r. sav.;Luokės sen.;78 | Luokės sen.;Telšių r. sav. | Luokės sen.;7836;387;SEN;1392;662;730;137707350;55,84786859;22,48048144;0
480;34;34;Anykščių r. sav.;Anykščių sen.;34 | Anykščių sen.;Anykščių r. sav. | Anykščių sen.;3408;394;SEN;11993;5477;6516;270051643;55,50787540;25,11733808;0
481;56;56;Kretingos r. sav.;Darbėnų sen.;56 | Darbėnų sen.;Kretingos r. sav. | Darbėnų sen.;5618;128;SEN;3863;1838;2025;326967805;56,03226460;21,28661618;1
482;82;82;Utenos r. sav.;Tauragnų sen.;82 | Tauragnų sen.;Utenos r. sav. | Tauragnų sen.;8271;456;SEN;998;460;538;214068038;55,43641079;25,86159905;0
483;65;65;Pakruojo r. sav.;Pašvitinio sen.;65 | Pašvitinio sen.;Pakruojo r. sav. | Pašvitinio sen.;6558;296;SEN;1261;587;674;156313814;56,10566079;23,75251219;0
484;59;59;Lazdijų r. sav.;Kapčiamiesčio sen.;59 | Kapčiamiesčio sen.;Lazdijų r. sav. | Kapčiamiesčio sen.;5925;30;SEN;832;411;421;247285248;53,97082110;23,63104085;0
485;55;55;Klaipėdos r. sav.;Veiviržėnų sen.;55 | Veiviržėnų sen.;Klaipėdos r. sav. | Veiviržėnų sen.;5518;118;SEN;2458;1187;1271;192878241;55,56801502;21,59266235;0
486;52;52;Kauno r. sav.;Čekiškės sen.;52 | Čekiškės sen.;Kauno r. sav. | Čekiškės sen.;5282;78;SEN;1417;687;730;86917521;55,13070104;23,58084907;1
487;85;85;Šalčininkų r. sav.;Pabarės sen.;85 | Pabarės sen.;Šalčininkų r. sav. | Pabarės sen.;8550;520;SEN;1119;542;577;242403650;54,31058767;25,02789112;0
488;85;85;Šalčininkų r. sav.;Dainavos sen.;85 | Dainavos sen.;Šalčininkų r. sav. | Dainavos sen.;8519;517;SEN;680;316;364;54742887;54,22522336;24,92296323;1
489;77;77;Tauragės r. sav.;Batakių sen.;77 | Batakių sen.;Tauragės r. sav. | Batakių sen.;7712;324;SEN;1153;530;623;106746082;55,32080132;22,50917260;0
490;71;71;Radviliškio r. sav.;Šiaulėnų sen.;71 | Šiaulėnų sen.;Radviliškio r. sav. | Šiaulėnų sen.;7184;309;SEN;1165;576;589;192182189;55,66831564;23,40572121;1
491;54;54;Kelmės r. sav.;Kukečių sen.;54 | Kukečių sen.;Kelmės r. sav. | Kukečių sen.;5409;280;SEN;1322;625;697;120918218;55,68496399;23,01161490;0
492;54;54;Kelmės r. sav.;Liolių sen.;54 | Liolių sen.;Kelmės r. sav. | Liolių sen.;5437;283;SEN;1947;955;992;154378490;55,54379702;22,97721078;0
493;72;72;Raseinių r. sav.;Šiluvos sen.;72 | Šiluvos sen.;Raseinių r. sav. | Šiluvos sen.;7295;108;SEN;1923;899;1024;201145413;55,50505982;23,20321091;1
494;66;66;Panevėžio r. sav.;Naujamiesčio sen.;66 | Naujamiesčio sen.;Panevėžio r. sav. | Naujamiesčio sen.;6642;241;SEN;2320;1142;1178;136788767;55,67518272;24,10750489;0
495;43;43;Zarasų r. sav.;Dusetų sen.;43 | Dusetų sen.;Zarasų r. sav. | Dusetų sen.;4328;412;SEN;2091;992;1099;179480345;55,71003646;25,83556747;1
496;73;73;Rokiškio r. sav.;Jūžintų sen.;73 | Jūžintų sen.;Rokiškio r. sav. | Jūžintų sen.;7375;446;SEN;1303;605;698;191691585;55,78191459;25,66688197;1
497;94;94;Jurbarko r. sav.;Eržvilko sen.;94 | Eržvilko sen.;Jurbarko r. sav. | Eržvilko sen.;9485;354;SEN;1922;943;979;222635839;55,28641650;22,69326990;0
498;94;94;Jurbarko r. sav.;Raudonės sen.;94 | Raudonės sen.;Jurbarko r. sav. | Raudonės sen.;9450;350;SEN;1027;488;539;102445218;55,11552635;23,11993841;1
499;94;94;Jurbarko r. sav.;Juodaičių sen.;94 | Juodaičių sen.;Jurbarko r. sav. | Juodaičių sen.;9490;355;SEN;322;156;166;32113817;55,18848780;23,32760351;0
500;53;53;Kėdainių r. sav.;Pernaravos sen.;53 | Pernaravos sen.;Kėdainių r. sav. | Pernaravos sen.;5352;223;SEN;1093;513;580;120206477;55,22033096;23,62793993;1
501;46;46;Jonavos r. sav.;Šilų sen.;46 | Šilų sen.;Jonavos r. sav. | Šilų sen.;4677;51;SEN;1677;843;834;141184935;55,13970681;24,37409789;0
502;52;52;Kauno r. sav.;Vandžiogalos sen.;52 | Vandžiogalos sen.;Kauno r. sav. | Vandžiogalos sen.;5215;66;SEN;1335;622;713;138185868;55,06104022;23,94762120;0
503;81;81;Ukmergės r. sav.;Deltuvos sen.;81 | Deltuvos sen.;Ukmergės r. sav. | Deltuvos sen.;8124;504;SEN;2374;1144;1230;161185547;55,20934072;24,59151544;0
504;81;81;Ukmergės r. sav.;Šešuolių sen.;81 | Šešuolių sen.;Ukmergės r. sav. | Šešuolių sen.;8190;512;SEN;679;336;343;108920456;55,17022833;24,97258166;0
505;81;81;Ukmergės r. sav.;Lyduokių sen.;81 | Lyduokių sen.;Ukmergės r. sav. | Lyduokių sen.;8150;507;SEN;908;453;455;76999022;55,23388946;24,89495135;0
506;81;81;Ukmergės r. sav.;Ukmergės miesto sen.;81 | Ukmergės miesto sen.;Ukmergės r. sav. | Ukmergės miesto sen.;8101;1241;SEN;21258;9608;11650;20537274;55,22182314;24,75305083;1
507;56;56;Kretingos r. sav.;Kartenos sen.;56 | Kartenos sen.;Kretingos r. sav. | Kartenos sen.;5645;131;SEN;1433;668;765;85456926;55,88655157;21,50870239;1
508;55;55;Klaipėdos r. sav.;Agluonėnų sen.;55 | Agluonėnų sen.;Klaipėdos r. sav. | Agluonėnų sen.;5504;116;SEN;1001;491;510;59163154;55,56598664;21,38715000;0
509;55;55;Klaipėdos r. sav.;Dovilų sen.;55 | Dovilų sen.;Klaipėdos r. sav. | Dovilų sen.;5536;120;SEN;5264;2596;2668;125143796;55,63699571;21,33864143;0
510;55;55;Klaipėdos r. sav.;Endriejavo sen.;55 | Endriejavo sen.;Klaipėdos r. sav. | Endriejavo sen.;5581;124;SEN;1372;678;694;127064915;55,67584200;21,68872265;1
511;15;15;Druskininkų sav.;Leipalingio sen.;15 | Leipalingio sen.;Druskininkų sav. | Leipalingio sen.;1545;1200;SEN;3145;1516;1629;232204193;54,05382575;23,89198536;0
512;33;33;Alytaus r. sav.;Nemunaičio sen.;33 | Nemunaičio sen.;Alytaus r. sav. | Nemunaičio sen.;3342;11;SEN;981;466;515;71375855;54,30034588;24,05236552;1
513;59;59;Lazdijų r. sav.;Seirijų sen.;59 | Seirijų sen.;Lazdijų r. sav. | Seirijų sen.;5969;36;SEN;2024;949;1075;175796710;54,20769823;23,77172695;0
514;45;45;Ignalinos r. sav.;Mielagėnų sen.;45 | Mielagėnų sen.;Ignalinos r. sav. | Mielagėnų sen.;4537;420;SEN;639;300;339;113004357;55,23556151;26,45292597;1
515;86;86;Švenčionių r. sav.;Svirkų sen.;86 | Svirkų sen.;Švenčionių r. sav. | Svirkų sen.;8659;532;SEN;710;339;371;100054039;55,15901462;26,40140020;0
516;87;87;Šilalės r. sav.;Upynos sen.;87 | Upynos sen.;Šilalės r. sav. | Upynos sen.;8769;337;SEN;1453;693;760;104875208;55,45239982;22,37740117;1
517;77;77;Tauragės r. sav.;Gaurės sen.;77 | Gaurės sen.;Tauragės r. sav. | Gaurės sen.;7724;325;SEN;1959;918;1041;245892839;55,19008060;22,44168282;1
518;77;77;Tauragės r. sav.;Skaudvilės sen.;77 | Skaudvilės sen.;Tauragės r. sav. | Skaudvilės sen.;7778;328;SEN;3180;1503;1677;139876002;55,40329917;22,55782078;0
519;67;67;Pasvalio r. sav.;Saločių sen.;67 | Saločių sen.;Pasvalio r. sav. | Saločių sen.;6773;255;SEN;2185;1059;1126;154078767;56,18306416;24,40025286;0
520;36;36;Biržų r. sav.;Pačeriaukštės sen.;36 | Pačeriaukštės sen.;Biržų r. sav. | Pačeriaukštės sen.;3649;213;SEN;1130;558;572;123182630;56,24110755;24,56859854;0
521;72;72;Raseinių r. sav.;Paliepių sen.;72 | Paliepių sen.;Raseinių r. sav. | Paliepių sen.;7273;106;SEN;1518;753;765;83936143;55,35774450;22,98602674;0
522;34;34;Anykščių r. sav.;Kavarsko sen.;34 | Kavarsko sen.;Anykščių r. sav. | Kavarsko sen.;3422;397;SEN;2361;1098;1263;258735083;55,41980999;24,88392328;1
523;34;34;Anykščių r. sav.;Traupio sen.;34 | Traupio sen.;Anykščių r. sav. | Traupio sen.;3462;401;SEN;569;279;290;75757506;55,50817406;24,72971130;1
524;81;81;Ukmergės r. sav.;Veprių sen.;81 | Veprių sen.;Ukmergės r. sav. | Veprių sen.;8118;503;SEN;959;441;518;64649501;55,12137111;24,57306604;1
525;81;81;Ukmergės r. sav.;Pabaisko sen.;81 | Pabaisko sen.;Ukmergės r. sav. | Pabaisko sen.;8161;508;SEN;927;436;491;103428461;55,14067374;24,71214472;1
526;81;81;Ukmergės r. sav.;Taujėnų sen.;81 | Taujėnų sen.;Ukmergės r. sav. | Taujėnų sen.;8177;510;SEN;1222;586;636;242784795;55,39390866;24,65244512;0
527;45;45;Ignalinos r. sav.;Kazitiškio sen.;45 | Kazitiškio sen.;Ignalinos r. sav. | Kazitiškio sen.;4528;418;SEN;762;360;402;231735267;55,45294914;26,14502241;1
528;86;86;Švenčionių r. sav.;Švenčionių sen.;86 | Švenčionių sen.;Švenčionių r. sav. | Švenčionių sen.;8601;537;SEN;5831;2701;3130;169879039;55,15191792;26,20000931;0
529;86;86;Švenčionių r. sav.;Kaltanėnų sen.;86 | Kaltanėnų sen.;Švenčionių r. sav. | Kaltanėnų sen.;8613;528;SEN;349;168;181;100631573;55,23035597;25,93262967;0
530;86;86;Švenčionių r. sav.;Cirkliškio sen.;86 | Cirkliškio sen.;Švenčionių r. sav. | Cirkliškio sen.;8669;534;SEN;755;386;369;48841910;55,08895215;26,07759861;1
531;86;86;Švenčionių r. sav.;Švenčionėlių sen.;86 | Švenčionėlių sen.;Švenčionių r. sav. | Švenčionėlių sen.;8671;535;SEN;6104;2842;3262;222217051;55,16044947;25,98398885;1
532;62;62;Molėtų r. sav.;Inturkės sen.;62 | Inturkės sen.;Molėtų r. sav. | Inturkės sen.;6246;432;SEN;1096;554;542;173695080;55,14368638;25,55235204;0
533;62;62;Molėtų r. sav.;Dubingių sen.;62 | Dubingių sen.;Molėtų r. sav. | Dubingių sen.;6237;431;SEN;735;377;358;97011841;55,05604524;25,40709711;1
534;62;62;Molėtų r. sav.;Čiulėnų sen.;62 | Čiulėnų sen.;Molėtų r. sav. | Čiulėnų sen.;6296;437;SEN;1199;574;625;109868613;55,26049869;25,51462929;1
535;62;62;Molėtų r. sav.;Suginčių sen.;62 | Suginčių sen.;Molėtų r. sav. | Suginčių sen.;6285;436;SEN;1407;677;730;189833144;55,32950018;25,53931959;0
536;18;18;Marijampolės sav.;Igliaukos sen.;18 | Igliaukos sen.;Marijampolės sav. | Igliaukos sen.;1830;1229;SEN;1831;877;954;100541180;54,52172200;23,58548472;0
537;19;19;Kauno m. sav.;Aleksoto sen.;19 | Aleksoto sen.;Kauno m. sav. | Aleksoto sen.;1908;1399;SEN;21390;10092;11298;24231926;54,84246568;23,88440541;0
538;19;19;Kauno m. sav.;Petrašiūnų sen.;19 | Petrašiūnų sen.;Kauno m. sav. | Petrašiūnų sen.;1906;1397;SEN;12835;6027;6808;28485092;54,87239751;24,02285525;0
539;33;33;Alytaus r. sav.;Pivašiūnų sen.;33 | Pivašiūnų sen.;Alytaus r. sav. | Pivašiūnų sen.;3348;12;SEN;1420;674;746;126878037;54,42784337;24,28408914;1
540;33;33;Alytaus r. sav.;Butrimonių sen.;33 | Butrimonių sen.;Alytaus r. sav. | Butrimonių sen.;3310;7;SEN;1625;808;817;79122611;54,51317670;24,28284003;0
541;33;33;Alytaus r. sav.;Alytaus sen.;33 | Alytaus sen.;Alytaus r. sav. | Alytaus sen.;3301;5;SEN;4874;2386;2488;155830657;54,43896961;23,96823918;1
542;52;52;Kauno r. sav.;Ringaudų sen.;52 | Ringaudų sen.;Kauno r. sav. | Ringaudų sen.;5245;72;SEN;7892;3864;4028;55093191;54,87487363;23,74726272;1
543;25;25;Palangos m. sav.;Palangos m.;25 | Palangos m.;Palangos m. sav. | Palangos m.;2500;9;GYV;16746;7497;9249;79077608;55,94927427;21,07477334;1
544;21;21;Klaipėdos m. sav.;Klaipėdos m.;21 | Klaipėdos m.;Klaipėdos m. sav. | Klaipėdos m.;2100;7;GYV;152008;69515;82493;97913757;55,68444496;21,13390226;0
545;23;23;Neringos sav.;Neringos m.;23 | Neringos m.;Neringos sav. | Neringos m.;2300;8;GYV;3609;1738;1871;138706679;55,42320132;21,06114366;1
546;58;58;Kazlų Rūdos sav.;Kazlų Rūdos m.;58 | Kazlų Rūdos m.;Kazlų Rūdos sav. | Kazlų Rūdos m.;5800;39;GYV;5590;2582;3008;3924262;54,71990141;23,49411800;0
547;15;15;Druskininkų sav.;Druskininkų m.;15 | Druskininkų m.;Druskininkų sav. | Druskininkų m.;1500;4;GYV;12906;5585;7321;23976851;53,97791559;23,98665693;0
548;11;11;Alytaus m. sav.;Alytaus m.;11 | Alytaus m.;Alytaus m. sav. | Alytaus m.;1100;2;GYV;52727;24214;28513;39450442;54,38145789;24,02044225;1
549;12;12;Birštono sav.;Birštono m.;12 | Birštono m.;Birštono sav. | Birštono m.;1200;3;GYV;3072;1348;1724;15361967;54,57700259;24,02935725;0
550;29;29;Šiaulių m. sav.;Šiaulių m.;29 | Šiaulių m.;Šiaulių m. sav. | Šiaulių m.;2900;11;GYV;100653;45548;55105;81126523;55,87490993;23,32514104;0
551;27;27;Panevėžio m. sav.;Panevėžio m.;27 | Panevėžio m.;Panevėžio m. sav. | Panevėžio m.;2700;10;GYV;89100;39653;49447;50131977;55,71024914;24,33149761;1
552;57;57;Kupiškio r. sav.;Kupiškio m.;57 | Kupiškio m.;Kupiškio r. sav. | Kupiškio m.;5700;55;GYV;6218;2718;3500;6424713;55,83663274;24,98305050;0
553;62;62;Molėtų r. sav.;Molėtų m.;62 | Molėtų m.;Molėtų r. sav. | Molėtų m.;6200;61;GYV;5782;2646;3136;4961097;55,20634370;25,40121433;0
554;30;30;Visagino sav.;Visagino sav.;30 | Visagino sav.;Visagino sav. | Visagino sav.;5200;30;SAV;19634;9152;10482;58066272;55,56612661;26,47421266;1
